date,district,latitude,longitude,precip,pressure,humidity_2m,rh_2m,temp_2m,wetbulbtemp_2m,maxtemp_2m,mintemp_2m,temprange_2m,earthskintemp,windspeed_10m,maxwindspeed_10m,minwindspeed_10m,windspeedrange_10m,windspeed_50m,maxwindspeed_50m,minwindspeed_50m,windspeedrange_50m,year,month,day,season
1993-12-04,Arghakhanchi,27.9,83.2,0.0,93.66,3.14,25.49,16.29,-3.54,24.43,10.37,14.07,13.07,1.99,3.31,0.57,2.74,2.58,4.06,0.77,3.28,1993,12,4,Winter
1995-05-02,Arghakhanchi,27.9,83.2,0.0,92.82,4.63,14.9,31.49,1.54,40.26,22.8,17.45,32.29,5.51,9.47,2.59,6.88,7.7,11.1,4.01,7.09,1995,5,2,Spring
1986-09-17,Arghakhanchi,27.9,83.2,0.03,93.13,12.93,59.2,25.4,16.7,31.99,20.26,11.73,25.5,2.19,3.79,0.14,3.64,3.04,4.28,0.36,3.92,1986,9,17,Autumn
2006-05-17,Arghakhanchi,27.9,83.2,0.11,93.17,11.44,40.53,29.81,14.9,36.07,23.79,12.28,31.64,2.47,3.77,1.24,2.53,3.09,3.89,1.4,2.49,2006,5,17,Spring
1995-09-14,Arghakhanchi,27.9,83.2,0.26,93.02,16.45,74.28,25.58,20.58,30.09,22.15,7.94,26.04,1.78,3.33,0.24,3.09,2.37,3.69,0.22,3.47,1995,9,14,Autumn
1990-10-11,Arghakhanchi,27.9,83.2,0.0,93.61,12.52,66.88,22.91,16.31,27.95,18.8,9.16,22.33,1.71,3.22,0.44,2.77,2.21,3.52,0.66,2.85,1990,10,11,Autumn
1993-06-23,Arghakhanchi,27.9,83.2,0.72,92.58,13.34,41.46,31.98,17.11,37.93,25.89,12.04,33.97,2.41,3.76,0.49,3.27,2.86,4.62,0.57,4.05,1993,6,23,Monsoon
2000-05-02,Arghakhanchi,27.9,83.2,0.0,92.8,2.43,8.54,29.99,-6.35,38.6,21.76,16.84,30.55,2.89,4.56,1.15,3.41,3.62,5.04,1.62,3.42,2000,5,2,Spring
2016-07-28,Arghakhanchi,27.9,83.2,22.1,92.89,19.28,93.57,24.31,23.11,26.44,22.63,3.81,24.47,2.26,3.42,1.18,2.24,3.19,4.7,2.19,2.51,2016,7,28,Monsoon
2015-05-12,Arghakhanchi,27.9,83.2,3.07,93.03,10.88,43.08,27.87,14.0,34.43,21.77,12.66,28.53,2.96,4.78,0.98,3.8,3.92,5.17,1.0,4.17,2015,5,12,Spring
1993-12-04,Baglung,28.3,83.6,0.0,79.56,2.08,21.55,10.03,-10.54,17.23,4.68,12.54,5.24,1.77,4.01,0.15,3.86,1.66,3.21,0.05,3.16,1993,12,4,Winter
1995-05-02,Baglung,28.3,83.6,0.0,79.23,3.54,18.74,20.4,-4.22,28.66,12.85,15.81,21.29,4.01,8.24,1.3,6.94,4.61,8.48,1.49,6.99,1995,5,2,Spring
1986-09-17,Baglung,28.3,83.6,0.02,79.39,10.02,65.06,17.12,9.64,22.89,12.94,9.95,16.93,2.15,5.05,0.17,4.88,1.98,4.06,0.25,3.81,1986,9,17,Autumn
2006-05-17,Baglung,28.3,83.6,0.62,79.52,9.94,55.17,19.65,9.98,25.75,14.76,10.99,21.1,2.53,5.29,0.45,4.85,2.29,4.31,0.44,3.88,2006,5,17,Spring
1995-09-14,Baglung,28.3,83.6,0.43,79.31,13.14,83.76,17.37,14.08,21.46,14.32,7.14,18.0,1.86,4.03,0.28,3.75,1.85,3.3,0.41,2.89,1995,9,14,Autumn
1990-10-11,Baglung,28.3,83.6,0.0,79.7,10.22,79.33,14.39,9.94,18.69,11.68,7.02,14.36,1.78,4.07,0.24,3.82,1.71,3.4,0.32,3.08,1990,10,11,Autumn
1993-06-23,Baglung,28.3,83.6,0.27,79.11,11.42,54.98,21.86,12.02,27.36,16.27,11.09,24.0,2.61,5.07,0.27,4.81,2.2,3.99,0.22,3.77,1993,6,23,Monsoon
2000-05-02,Baglung,28.3,83.6,0.0,79.26,2.43,13.72,19.37,-8.49,27.23,11.94,15.28,20.04,2.98,5.9,0.81,5.09,2.87,4.93,1.02,3.91,2000,5,2,Spring
2016-07-28,Baglung,28.3,83.6,13.55,79.21,15.23,97.54,17.25,16.42,19.17,15.82,3.35,17.44,2.41,4.45,1.14,3.31,2.74,4.01,1.94,2.07,2016,7,28,Monsoon
2015-05-12,Baglung,28.3,83.6,2.17,79.37,9.12,58.68,17.27,8.7,23.1,12.05,11.05,17.17,2.74,5.37,0.61,4.75,2.88,4.8,0.78,4.02,2015,5,12,Spring
1993-12-04,Baitadi,29.5,80.5,0.0,74.07,1.2,14.93,6.28,-16.14,14.86,0.56,14.31,2.8,2.03,4.85,0.24,4.61,1.97,4.17,0.27,3.9,1993,12,4,Winter
1995-05-02,Baitadi,29.5,80.5,0.0,73.96,4.0,29.84,13.91,-3.43,21.0,8.04,12.96,14.71,3.16,7.09,0.44,6.64,3.25,6.85,0.52,6.33,1995,5,2,Spring
1986-09-17,Baitadi,29.5,80.5,0.0,74.01,7.8,61.17,13.12,5.13,19.83,7.64,12.19,13.07,2.33,5.13,0.23,4.9,2.16,4.15,0.3,3.85,1986,9,17,Autumn
2006-05-17,Baitadi,29.5,80.5,2.93,74.15,9.6,65.9,15.17,8.39,20.46,10.57,9.89,16.51,2.18,5.93,0.2,5.73,1.91,4.8,0.25,4.55,2006,5,17,Spring
1995-09-14,Baitadi,29.5,80.5,0.47,73.91,11.05,79.78,14.33,10.23,19.78,9.91,9.87,15.89,2.16,4.74,0.39,4.34,2.08,3.89,0.47,3.42,1995,9,14,Autumn
1990-10-11,Baitadi,29.5,80.5,0.0,74.23,7.3,66.83,10.81,4.31,16.97,6.67,10.29,11.29,2.02,4.92,0.27,4.65,1.87,3.95,0.22,3.74,1990,10,11,Autumn
1993-06-23,Baitadi,29.5,80.5,0.6,73.78,11.7,66.0,18.17,11.23,23.78,12.68,11.1,20.7,2.9,5.42,0.43,5.0,2.58,4.26,0.65,3.61,1993,6,23,Monsoon
2000-05-02,Baitadi,29.5,80.5,0.0,73.91,1.99,13.42,15.46,-11.42,24.87,5.77,19.1,15.95,3.05,6.28,0.64,5.64,2.94,5.49,0.81,4.68,2000,5,2,Spring
2016-07-28,Baitadi,29.5,80.5,4.93,73.8,13.03,90.19,14.95,12.94,17.81,12.25,5.56,15.56,2.02,4.35,0.07,4.28,1.96,3.68,0.07,3.61,2016,7,28,Monsoon
2015-05-12,Baitadi,29.5,80.5,0.51,74.06,7.86,57.37,14.23,5.69,20.13,9.38,10.76,15.4,2.2,5.09,0.13,4.95,2.03,4.42,0.15,4.27,2015,5,12,Spring
1993-12-04,Bajang,29.6,81.2,0.0,68.1,0.97,15.34,1.74,-18.62,10.76,-4.68,15.44,-1.35,2.26,5.59,0.28,5.31,2.23,5.02,0.37,4.65,1993,12,4,Winter
1995-05-02,Bajang,29.6,81.2,0.0,68.08,3.81,37.89,8.32,-5.15,15.16,2.9,12.26,9.69,3.47,7.86,0.59,7.26,3.54,7.64,0.74,6.9,1995,5,2,Spring
1986-09-17,Bajang,29.6,81.2,0.0,68.14,6.98,65.42,9.19,2.24,16.68,3.34,13.34,9.74,2.4,5.46,0.45,5.01,2.16,4.34,0.67,3.67,1986,9,17,Autumn
2006-05-17,Bajang,29.6,81.2,2.98,68.3,8.18,67.61,11.1,4.8,17.46,6.12,11.34,12.72,2.38,6.11,0.19,5.92,2.1,4.89,0.24,4.65,2006,5,17,Spring
1995-09-14,Bajang,29.6,81.2,0.13,68.07,8.98,74.86,10.91,5.95,17.21,5.66,11.55,13.03,2.36,5.68,0.14,5.54,2.17,4.7,0.02,4.68,1995,9,14,Autumn
1990-10-11,Bajang,29.6,81.2,0.0,68.28,6.47,70.39,7.04,1.23,13.68,2.94,10.74,8.15,2.05,5.65,0.06,5.58,1.84,4.66,0.21,4.45,1990,10,11,Autumn
1993-06-23,Bajang,29.6,81.2,0.63,68.01,9.66,63.25,14.57,7.02,21.29,8.41,12.88,17.68,3.13,6.37,0.29,6.08,2.65,5.03,0.42,4.62,1993,6,23,Monsoon
2000-05-02,Bajang,29.6,81.2,0.0,68.09,1.7,15.0,10.12,-13.9,19.62,1.21,18.41,11.34,2.83,6.13,0.58,5.55,2.72,5.37,0.6,4.76,2000,5,2,Spring
2016-07-28,Bajang,29.6,81.2,4.82,67.99,11.35,88.59,11.86,9.63,15.78,8.62,7.16,12.99,2.4,5.21,0.3,4.91,2.3,4.42,0.41,4.01,2016,7,28,Monsoon
2015-05-12,Bajang,29.6,81.2,0.52,68.18,7.17,67.9,9.04,3.16,15.11,3.81,11.3,10.49,2.36,5.65,0.23,5.42,2.21,4.91,0.35,4.56,2015,5,12,Spring
1993-12-04,Banke,28.1,81.7,0.0,92.76,2.52,20.21,16.33,-6.16,24.31,11.44,12.87,12.93,1.92,3.49,0.43,3.06,2.29,3.26,0.44,2.83,1993,12,4,Winter
1995-05-02,Banke,28.1,81.7,0.0,92.05,4.99,17.27,30.08,2.53,38.92,21.15,17.77,30.99,4.47,7.73,2.41,5.32,6.02,8.91,3.84,5.07,1995,5,2,Spring
1986-09-17,Banke,28.1,81.7,0.0,92.27,12.34,58.96,24.55,15.87,30.12,19.95,10.17,23.74,2.42,4.08,1.31,2.77,3.11,4.42,1.85,2.56,1986,9,17,Autumn
2006-05-17,Banke,28.1,81.7,1.19,92.31,11.76,44.06,28.7,15.19,34.97,22.0,12.97,30.4,2.52,3.92,1.28,2.64,3.18,4.04,1.88,2.16,2006,5,17,Spring
1995-09-14,Banke,28.1,81.7,0.13,92.15,16.42,74.73,25.27,20.39,29.71,21.97,7.74,25.94,1.77,3.37,0.45,2.92,2.21,3.42,0.54,2.88,1995,9,14,Autumn
1990-10-11,Banke,28.1,81.7,0.0,92.72,11.97,64.56,22.62,15.51,27.17,18.82,8.35,21.81,1.54,2.93,0.35,2.59,1.87,2.98,0.36,2.62,1990,10,11,Autumn
1993-06-23,Banke,28.1,81.7,4.6,91.69,13.26,40.96,31.94,16.84,37.28,26.55,10.73,33.38,2.16,3.54,0.76,2.78,2.47,3.6,1.12,2.48,1993,6,23,Monsoon
2000-05-02,Banke,28.1,81.7,0.0,91.91,2.11,7.14,30.45,-7.84,39.12,21.74,17.38,30.36,2.59,4.43,0.34,4.09,3.08,4.98,0.45,4.53,2000,5,2,Spring
2016-07-28,Banke,28.1,81.7,16.48,91.96,18.89,90.86,24.28,22.61,26.96,22.3,4.66,24.56,2.81,4.11,1.44,2.67,3.92,4.89,2.93,1.96,2016,7,28,Monsoon
2015-05-12,Banke,28.1,81.7,4.95,92.17,10.18,39.57,28.06,12.87,34.28,22.2,12.07,28.48,2.4,3.79,0.92,2.87,3.0,4.9,1.0,3.89,2015,5,12,Spring
1993-12-04,Bara,27.2,85.0,0.0,95.77,3.34,25.01,17.88,-2.36,25.99,12.16,13.84,15.0,1.58,2.42,0.52,1.9,2.02,3.4,0.67,2.73,1993,12,4,Winter
1995-05-02,Bara,27.2,85.0,0.09,94.82,5.01,14.8,33.42,2.97,42.66,24.85,17.8,34.16,4.68,9.11,1.2,7.92,6.62,10.7,1.47,9.24,1995,5,2,Spring
1986-09-17,Bara,27.2,85.0,3.06,95.2,15.69,72.35,25.62,20.2,30.88,21.39,9.5,25.79,1.86,3.26,0.28,2.98,2.36,3.48,0.46,3.01,1986,9,17,Autumn
2006-05-17,Bara,27.2,85.0,0.06,95.2,12.94,43.45,31.12,17.17,36.88,25.06,11.82,32.97,2.02,3.03,0.85,2.17,2.56,3.34,1.26,2.08,2006,5,17,Spring
1995-09-14,Bara,27.2,85.0,0.15,95.05,16.73,71.09,26.96,21.23,31.72,22.84,8.89,27.38,1.72,2.99,0.56,2.42,2.24,3.3,0.64,2.66,1995,9,14,Autumn
1990-10-11,Bara,27.2,85.0,0.0,95.68,14.06,71.08,24.18,18.53,29.26,20.12,9.14,24.16,1.54,2.81,0.5,2.31,2.02,3.54,0.75,2.79,1990,10,11,Autumn
1993-06-23,Bara,27.2,85.0,0.38,94.61,14.5,44.08,32.76,18.83,39.37,26.24,13.13,35.38,2.74,3.7,1.88,1.82,3.6,5.6,1.72,3.88,1993,6,23,Monsoon
2000-05-02,Bara,27.2,85.0,0.58,94.9,5.02,17.7,30.3,2.55,38.39,22.14,16.23,30.67,3.51,5.31,1.32,3.98,4.61,6.23,1.69,4.54,2000,5,2,Spring
2016-07-28,Bara,27.2,85.0,9.35,94.94,19.62,91.68,25.32,23.81,27.16,23.67,3.49,25.12,1.9,2.88,0.33,2.55,2.7,4.08,0.55,3.53,2016,7,28,Monsoon
2015-05-12,Bara,27.2,85.0,9.12,95.08,13.09,50.95,28.52,17.24,34.39,23.42,10.98,28.91,2.72,4.72,0.76,3.96,3.62,5.27,0.98,4.29,2015,5,12,Spring
1993-12-04,Bardiya,28.3,81.4,0.0,95.3,2.39,18.18,17.5,-6.44,26.2,11.78,14.42,14.82,1.98,3.22,0.34,2.86,2.45,3.64,0.38,3.26,1993,12,4,Winter
1995-05-02,Bardiya,28.3,81.4,0.0,94.51,5.3,17.05,31.84,3.74,40.55,23.0,17.55,32.56,3.94,7.04,2.11,4.93,5.34,8.26,3.04,5.22,1995,5,2,Spring
1986-09-17,Bardiya,28.3,81.4,0.0,94.74,11.98,52.18,26.56,15.83,32.15,21.23,10.92,25.51,2.16,3.95,0.66,3.3,2.8,4.44,0.99,3.44,1986,9,17,Autumn
2006-05-17,Bardiya,28.3,81.4,1.71,94.78,12.41,43.47,30.34,16.44,36.66,23.66,13.0,31.97,2.4,3.92,1.38,2.54,3.18,4.46,1.68,2.79,2006,5,17,Spring
1995-09-14,Bardiya,28.3,81.4,0.17,94.6,16.86,70.46,27.15,21.27,31.98,23.31,8.66,27.85,1.72,3.58,0.36,3.22,2.2,3.74,0.36,3.39,1995,9,14,Autumn
1990-10-11,Bardiya,28.3,81.4,0.0,95.2,11.84,58.82,24.43,15.8,29.44,19.94,9.5,23.58,1.6,2.98,0.53,2.46,1.98,3.27,0.51,2.76,1990,10,11,Autumn
1993-06-23,Bardiya,28.3,81.4,4.84,94.1,13.74,39.09,33.92,17.8,39.34,28.62,10.72,34.96,2.0,3.62,0.66,2.96,2.38,3.8,0.91,2.88,1993,6,23,Monsoon
2000-05-02,Bardiya,28.3,81.4,0.0,94.34,2.36,7.52,32.01,-6.35,41.08,22.42,18.65,31.84,2.54,4.16,0.58,3.58,3.1,4.84,0.79,4.04,2000,5,2,Spring
2016-07-28,Bardiya,28.3,81.4,10.6,94.4,19.72,89.51,25.68,23.78,28.46,23.57,4.88,25.86,2.81,4.21,1.48,2.72,4.06,5.2,3.04,2.16,2016,7,28,Monsoon
2015-05-12,Bardiya,28.3,81.4,4.93,94.62,10.32,36.26,30.26,13.46,36.37,23.79,12.58,30.56,2.18,3.5,0.26,3.25,2.75,4.72,0.35,4.38,2015,5,12,Spring
1993-12-04,Bhaktapur,27.7,85.5,0.0,78.25,2.3,24.85,9.18,-9.87,16.65,4.89,11.76,4.94,1.73,4.35,0.4,3.95,1.65,3.58,0.31,3.27,1993,12,4,Winter
1995-05-02,Bhaktapur,27.7,85.5,0.13,77.98,3.83,21.75,19.01,-3.4,27.1,11.7,15.4,19.83,3.77,8.08,1.06,7.02,4.16,8.4,1.43,6.97,1995,5,2,Spring
1986-09-17,Bhaktapur,27.7,85.5,0.45,78.08,11.57,80.64,15.72,11.48,20.84,11.82,9.02,16.14,2.26,5.0,0.54,4.46,2.19,3.96,0.84,3.13,1986,9,17,Autumn
2006-05-17,Bhaktapur,27.7,85.5,0.24,78.2,10.46,61.23,18.52,10.42,24.2,13.54,10.66,20.7,2.58,5.21,0.48,4.73,2.36,4.43,0.7,3.73,2006,5,17,Spring
1995-09-14,Bhaktapur,27.7,85.5,0.07,78.01,12.64,82.65,16.71,13.14,21.33,13.05,8.28,17.71,1.93,4.65,0.13,4.51,1.8,3.72,0.18,3.54,1995,9,14,Autumn
1990-10-11,Bhaktapur,27.7,85.5,0.0,78.39,9.25,76.3,13.21,7.36,18.28,9.68,8.6,12.83,1.61,4.11,0.22,3.89,1.51,3.37,0.19,3.18,1990,10,11,Autumn
1993-06-23,Bhaktapur,27.7,85.5,0.09,77.81,12.14,64.53,19.98,12.65,25.81,14.71,11.11,22.34,2.32,4.95,0.12,4.83,1.95,4.0,0.2,3.8,1993,6,23,Monsoon
2000-05-02,Bhaktapur,27.7,85.5,0.08,77.96,3.8,23.93,17.36,-3.9,24.28,11.91,12.38,17.86,2.56,5.85,0.49,5.36,2.36,4.81,0.73,4.08,2000,5,2,Spring
2016-07-28,Bhaktapur,27.7,85.5,7.06,77.92,14.37,96.11,16.32,15.11,18.69,14.47,4.22,16.71,1.87,4.04,0.54,3.5,1.86,3.55,0.65,2.9,2016,7,28,Monsoon
2015-05-12,Bhaktapur,27.7,85.5,6.12,78.04,9.62,65.6,16.08,9.01,21.1,11.97,9.13,16.46,2.73,5.72,0.48,5.24,2.75,5.08,0.65,4.43,2015,5,12,Spring
1993-12-04,Chitawan,27.7,84.4,0.0,92.74,2.83,22.25,16.63,-4.83,24.39,10.91,13.48,13.22,1.77,3.23,0.5,2.72,2.06,3.09,0.67,2.42,1993,12,4,Winter
1995-05-02,Chitawan,27.7,84.4,0.0,91.89,4.35,14.2,31.09,0.56,40.27,22.58,17.68,31.8,4.56,9.37,1.21,8.16,6.07,10.62,1.3,9.32,1995,5,2,Spring
1986-09-17,Chitawan,27.7,84.4,0.35,92.24,13.74,63.93,24.96,17.42,30.8,20.6,10.2,25.29,1.88,3.97,0.24,3.73,2.12,3.69,0.27,3.42,1986,9,17,Autumn
2006-05-17,Chitawan,27.7,84.4,0.2,92.27,12.22,45.08,28.93,15.71,34.78,23.7,11.08,30.43,2.27,3.75,0.97,2.77,2.63,3.77,1.13,2.64,2006,5,17,Spring
1995-09-14,Chitawan,27.7,84.4,0.24,92.12,16.02,74.32,24.96,19.95,29.73,20.79,8.94,25.56,1.84,3.29,0.8,2.48,2.34,3.42,0.67,2.74,1995,9,14,Autumn
1990-10-11,Chitawan,27.7,84.4,0.0,92.7,13.35,73.03,22.35,17.1,27.15,18.7,8.45,22.23,1.57,2.93,0.17,2.77,1.91,3.54,0.25,3.29,1990,10,11,Autumn
1993-06-23,Chitawan,27.7,84.4,0.09,91.71,13.43,43.67,31.02,17.06,37.2,25.1,12.1,33.0,2.39,3.65,1.0,2.65,2.82,3.61,1.85,1.76,1993,6,23,Monsoon
2000-05-02,Chitawan,27.7,84.4,0.05,91.96,3.57,13.38,28.7,-2.14,37.09,20.43,16.67,29.17,3.28,5.72,1.94,3.78,3.95,5.56,2.63,2.92,2000,5,2,Spring
2016-07-28,Chitawan,27.7,84.4,12.88,92.01,18.88,93.92,23.74,22.55,25.59,22.21,3.38,23.72,1.92,2.86,1.12,1.74,2.73,3.46,2.01,1.46,2016,7,28,Monsoon
2015-05-12,Chitawan,27.7,84.4,4.62,92.14,11.87,50.23,26.56,15.16,32.84,20.61,12.23,26.89,2.65,4.97,0.53,4.44,3.29,5.13,0.85,4.28,2015,5,12,Spring
1993-12-04,Dadeldhura,29.3,80.6,0.0,85.93,1.77,15.66,13.58,-10.89,22.6,8.07,14.53,9.89,1.94,3.93,0.22,3.71,2.17,3.69,0.34,3.35,1993,12,4,Winter
1995-05-02,Dadeldhura,29.3,80.6,0.0,85.53,4.53,20.37,24.37,0.17,32.44,16.64,15.8,24.5,3.33,6.53,1.42,5.11,4.07,7.38,1.74,5.63,1995,5,2,Spring
1986-09-17,Dadeldhura,29.3,80.6,0.0,85.65,10.14,56.5,20.79,11.6,26.73,15.52,11.21,19.78,1.99,3.87,0.24,3.64,2.3,3.82,0.31,3.5,1986,9,17,Autumn
2006-05-17,Dadeldhura,29.3,80.6,3.69,85.75,11.84,56.23,23.42,14.05,29.06,17.78,11.28,24.3,1.95,4.65,0.42,4.23,2.18,4.34,0.69,3.65,2006,5,17,Spring
1995-09-14,Dadeldhura,29.3,80.6,0.79,85.51,14.48,76.5,21.59,17.01,26.85,17.8,9.05,22.1,1.79,3.88,0.33,3.55,2.01,3.72,0.17,3.55,1995,9,14,Autumn
1990-10-11,Dadeldhura,29.3,80.6,0.0,86.0,9.84,62.85,18.66,11.23,24.48,14.65,9.83,18.27,1.85,3.65,0.16,3.49,2.11,3.47,0.27,3.2,1990,10,11,Autumn
1993-06-23,Dadeldhura,29.3,80.6,1.65,85.22,14.0,56.36,26.06,16.51,31.6,20.9,10.71,27.34,2.04,3.58,0.68,2.89,2.3,3.23,0.99,2.24,1993,6,23,Monsoon
2000-05-02,Dadeldhura,29.3,80.6,0.0,85.38,2.32,9.97,25.14,-7.88,34.48,14.59,19.88,24.79,2.95,5.27,0.92,4.35,3.34,5.01,1.17,3.84,2000,5,2,Spring
2016-07-28,Dadeldhura,29.3,80.6,7.66,85.33,16.68,91.17,20.98,19.32,23.29,19.01,4.28,21.1,1.78,3.41,0.85,2.56,2.36,3.75,1.39,2.36,2016,7,28,Monsoon
2015-05-12,Dadeldhura,29.3,80.6,1.07,85.62,9.12,42.28,23.82,10.06,30.29,17.76,12.53,23.94,2.21,4.16,0.32,3.84,2.49,4.09,0.48,3.6,2015,5,12,Spring
1993-12-04,Dailekh,28.8,81.7,0.0,85.12,1.94,18.13,12.61,-10.11,20.97,6.87,14.11,8.82,2.12,4.17,0.51,3.66,2.33,3.67,0.6,3.07,1993,12,4,Winter
1995-05-02,Dailekh,28.8,81.7,0.0,84.75,4.71,21.53,23.91,0.55,32.42,15.55,16.87,24.54,3.71,7.47,1.35,6.12,4.44,8.08,1.93,6.15,1995,5,2,Spring
1986-09-17,Dailekh,28.8,81.7,0.0,84.85,11.3,67.1,19.59,13.17,25.0,14.71,10.29,18.81,2.14,3.94,0.97,2.97,2.43,3.75,1.34,2.41,1986,9,17,Autumn
2006-05-17,Dailekh,28.8,81.7,2.61,84.94,11.15,53.42,23.12,13.05,28.55,16.82,11.73,24.18,2.26,4.92,0.48,4.44,2.44,4.4,0.71,3.69,2006,5,17,Spring
1995-09-14,Dailekh,28.8,81.7,0.22,84.72,14.54,78.05,21.17,17.04,26.02,17.87,8.15,22.06,1.84,4.28,0.12,4.16,2.01,3.9,0.19,3.71,1995,9,14,Autumn
1990-10-11,Dailekh,28.8,81.7,0.0,85.2,11.13,73.3,18.01,13.02,22.22,15.26,6.97,17.72,1.62,3.7,0.37,3.33,1.73,3.43,0.54,2.89,1990,10,11,Autumn
1993-06-23,Dailekh,28.8,81.7,5.2,84.43,12.55,49.6,26.23,14.7,31.79,21.05,10.74,27.69,2.29,4.26,0.32,3.94,2.38,3.77,0.47,3.31,1993,6,23,Monsoon
2000-05-02,Dailekh,28.8,81.7,0.0,84.62,2.08,9.08,24.71,-9.05,33.43,15.27,18.16,24.76,2.96,5.88,0.47,5.41,3.2,5.46,0.62,4.84,2000,5,2,Spring
2016-07-28,Dailekh,28.8,81.7,10.31,84.54,16.66,91.1,20.82,19.17,23.79,18.8,4.99,21.17,2.22,4.04,0.45,3.59,2.82,3.98,1.12,2.86,2016,7,28,Monsoon
2015-05-12,Dailekh,28.8,81.7,3.97,84.83,9.36,46.99,22.34,10.34,28.35,16.88,11.48,22.45,2.34,3.95,0.89,3.06,2.64,3.66,1.16,2.5,2015,5,12,Spring
1993-12-04,Dang,28.0,82.4,0.0,86.89,2.4,21.61,13.46,-7.72,21.17,8.44,12.73,9.34,1.93,3.97,0.24,3.73,2.16,3.64,0.28,3.36,1993,12,4,Winter
1995-05-02,Dang,28.0,82.4,0.0,86.41,4.46,18.77,25.61,0.01,34.25,17.55,16.7,26.4,4.72,8.46,2.23,6.22,6.09,9.41,3.4,6.01,1995,5,2,Spring
1986-09-17,Dang,28.0,82.4,0.01,86.56,11.52,64.86,20.76,13.62,26.51,16.45,10.06,20.16,2.42,4.23,1.21,3.03,2.91,4.15,1.62,2.54,1986,9,17,Autumn
2006-05-17,Dang,28.0,82.4,0.88,86.65,10.91,48.73,24.63,12.98,31.02,18.43,12.59,26.06,2.55,4.77,0.85,3.92,2.86,4.25,0.96,3.28,2006,5,17,Spring
1995-09-14,Dang,28.0,82.4,0.15,86.46,14.86,78.09,21.84,17.66,26.15,18.63,7.52,22.51,1.9,3.69,0.61,3.08,2.15,3.5,0.82,2.68,1995,9,14,Autumn
1990-10-11,Dang,28.0,82.4,0.0,86.95,11.1,70.68,18.87,13.14,23.49,15.16,8.33,18.2,1.64,3.42,0.19,3.22,1.82,3.18,0.26,2.92,1990,10,11,Autumn
1993-06-23,Dang,28.0,82.4,3.8,86.12,12.49,46.74,27.52,14.92,32.84,22.28,10.56,29.36,2.22,3.9,0.62,3.28,2.28,3.5,0.88,2.61,1993,6,23,Monsoon
2000-05-02,Dang,28.0,82.4,0.0,86.32,2.02,8.4,25.94,-9.09,34.32,17.72,16.6,25.95,2.89,5.77,0.4,5.37,3.17,5.45,0.54,4.92,2000,5,2,Spring
2016-07-28,Dang,28.0,82.4,16.81,86.3,17.18,92.83,21.34,19.96,23.94,19.4,4.54,21.79,2.56,4.49,1.25,3.24,3.26,4.56,2.23,2.33,2016,7,28,Monsoon
2015-05-12,Dang,28.0,82.4,5.23,86.52,9.51,45.5,23.5,10.85,29.55,18.2,11.35,23.81,2.9,4.89,1.32,3.57,3.41,4.72,1.69,3.03,2015,5,12,Spring
1993-12-04,Darchula,29.9,80.6,0.0,74.07,1.2,14.93,6.28,-16.14,14.86,0.56,14.31,2.8,2.03,4.85,0.24,4.61,1.97,4.17,0.27,3.9,1993,12,4,Winter
1995-05-02,Darchula,29.9,80.6,0.0,73.96,4.0,29.84,13.91,-3.43,21.0,8.04,12.96,14.71,3.16,7.09,0.44,6.64,3.25,6.85,0.52,6.33,1995,5,2,Spring
1986-09-17,Darchula,29.9,80.6,0.0,74.01,7.8,61.17,13.12,5.13,19.83,7.64,12.19,13.07,2.33,5.13,0.23,4.9,2.16,4.15,0.3,3.85,1986,9,17,Autumn
2006-05-17,Darchula,29.9,80.6,2.93,74.15,9.6,65.9,15.17,8.39,20.46,10.57,9.89,16.51,2.18,5.93,0.2,5.73,1.91,4.8,0.25,4.55,2006,5,17,Spring
1995-09-14,Darchula,29.9,80.6,0.47,73.91,11.05,79.78,14.33,10.23,19.78,9.91,9.87,15.89,2.16,4.74,0.39,4.34,2.08,3.89,0.47,3.42,1995,9,14,Autumn
1990-10-11,Darchula,29.9,80.6,0.0,74.23,7.3,66.83,10.81,4.31,16.97,6.67,10.29,11.29,2.02,4.92,0.27,4.65,1.87,3.95,0.22,3.74,1990,10,11,Autumn
1993-06-23,Darchula,29.9,80.6,0.6,73.78,11.7,66.0,18.17,11.23,23.78,12.68,11.1,20.7,2.9,5.42,0.43,5.0,2.58,4.26,0.65,3.61,1993,6,23,Monsoon
2000-05-02,Darchula,29.9,80.6,0.0,73.91,1.99,13.42,15.46,-11.42,24.87,5.77,19.1,15.95,3.05,6.28,0.64,5.64,2.94,5.49,0.81,4.68,2000,5,2,Spring
2016-07-28,Darchula,29.9,80.6,4.93,73.8,13.03,90.19,14.95,12.94,17.81,12.25,5.56,15.56,2.02,4.35,0.07,4.28,1.96,3.68,0.07,3.61,2016,7,28,Monsoon
2015-05-12,Darchula,29.9,80.6,0.51,74.06,7.86,57.37,14.23,5.69,20.13,9.38,10.76,15.4,2.2,5.09,0.13,4.95,2.03,4.42,0.15,4.27,2015,5,12,Spring
1993-12-04,Dhading,27.7,85.2,0.0,84.25,2.53,23.74,12.42,-7.65,19.94,7.86,12.07,8.5,1.72,4.05,0.22,3.83,1.71,3.32,0.33,2.98,1993,12,4,Winter
1995-05-02,Dhading,27.7,85.2,0.06,83.79,4.08,18.09,24.26,-1.6,32.86,16.39,16.47,24.97,3.87,8.43,0.87,7.56,4.58,9.09,1.14,7.95,1995,5,2,Spring
1986-09-17,Dhading,27.7,85.2,0.69,83.96,12.83,76.42,19.36,14.54,24.45,15.44,9.02,19.77,2.15,4.67,0.12,4.55,2.17,3.84,0.21,3.63,1986,9,17,Autumn
2006-05-17,Dhading,27.7,85.2,0.25,84.06,11.37,54.64,22.89,12.98,28.6,17.72,10.88,24.81,2.43,4.86,0.76,4.1,2.38,4.32,0.8,3.52,2006,5,17,Spring
1995-09-14,Dhading,27.7,85.2,0.12,83.87,13.91,78.07,20.3,15.99,24.93,16.41,8.52,21.1,1.88,4.1,0.29,3.8,1.95,3.38,0.49,2.89,1995,9,14,Autumn
1990-10-11,Dhading,27.7,85.2,0.0,84.33,11.11,76.24,17.18,11.97,21.91,13.78,8.13,16.97,1.55,3.57,0.15,3.41,1.59,2.98,0.31,2.67,1990,10,11,Autumn
1993-06-23,Dhading,27.7,85.2,0.08,83.6,12.78,55.43,24.49,14.69,30.53,19.02,11.51,26.69,2.3,4.63,0.3,4.33,2.26,4.03,0.43,3.59,1993,6,23,Monsoon
2000-05-02,Dhading,27.7,85.2,0.12,83.8,3.88,19.45,22.21,-2.51,29.7,15.72,13.98,22.62,2.86,5.84,1.09,4.74,2.94,5.08,1.75,3.33,2000,5,2,Spring
2016-07-28,Dhading,27.7,85.2,7.12,83.78,15.98,94.81,19.36,18.06,21.37,17.77,3.6,19.46,1.27,2.93,0.19,2.74,1.42,2.61,0.24,2.37,2016,7,28,Monsoon
2015-05-12,Dhading,27.7,85.2,7.31,83.92,10.67,59.88,20.34,11.85,25.41,15.98,9.43,20.47,2.59,5.46,0.4,5.06,2.74,5.13,0.55,4.58,2015,5,12,Spring
1993-12-04,Dhankuta,27.0,87.3,0.0,82.26,2.86,28.06,11.36,-6.54,18.84,6.11,12.73,7.89,1.93,4.45,0.27,4.18,1.84,3.48,0.25,3.23,1993,12,4,Winter
1995-05-02,Dhankuta,27.0,87.3,1.61,81.86,5.44,28.83,20.91,1.65,28.94,12.4,16.55,21.26,3.09,6.38,0.73,5.65,3.34,6.34,1.28,5.06,1995,5,2,Spring
1986-09-17,Dhankuta,27.0,87.3,0.94,82.01,13.69,86.92,17.96,15.08,21.87,15.18,6.68,18.57,2.18,4.59,0.21,4.38,2.22,3.97,0.24,3.73,1986,9,17,Autumn
2006-05-17,Dhankuta,27.0,87.3,0.36,82.15,10.95,59.01,20.65,11.96,26.18,15.52,10.67,22.38,2.52,5.02,0.59,4.44,2.36,3.95,0.79,3.15,2006,5,17,Spring
1995-09-14,Dhankuta,27.0,87.3,0.0,81.94,13.93,80.79,19.38,15.55,23.88,16.03,7.85,20.8,2.28,4.77,0.28,4.49,2.18,4.03,0.31,3.72,1995,9,14,Autumn
1990-10-11,Dhankuta,27.0,87.3,0.02,82.35,10.91,79.71,15.84,11.13,21.0,12.27,8.73,16.01,1.88,4.68,0.37,4.32,1.81,3.97,0.44,3.53,1990,10,11,Autumn
1993-06-23,Dhankuta,27.0,87.3,3.02,81.72,14.25,70.42,21.94,15.95,26.96,17.6,9.36,23.8,2.21,4.51,0.26,4.25,2.0,3.53,0.4,3.13,1993,6,23,Monsoon
2000-05-02,Dhankuta,27.0,87.3,0.56,81.93,7.37,45.26,18.52,5.24,25.18,13.06,12.13,19.49,2.58,5.4,1.07,4.32,2.6,4.32,1.53,2.8,2000,5,2,Spring
2016-07-28,Dhankuta,27.0,87.3,6.58,81.87,15.58,93.02,18.89,17.26,22.17,16.33,5.84,19.49,2.35,5.57,0.53,5.04,2.37,5.2,0.7,4.5,2016,7,28,Monsoon
2015-05-12,Dhankuta,27.0,87.3,5.82,81.95,12.05,73.66,18.56,13.19,23.66,14.16,9.5,19.51,2.69,6.19,0.04,6.15,2.79,5.91,0.16,5.75,2015,5,12,Spring
1993-12-04,Dhanusa,26.7,85.9,0.0,98.53,3.95,29.36,18.48,0.24,26.9,12.35,14.54,16.32,1.4,2.36,0.24,2.12,1.95,4.07,0.31,3.76,1993,12,4,Winter
1995-05-02,Dhanusa,26.7,85.9,0.19,97.44,5.37,14.65,35.33,4.37,44.51,26.3,18.21,36.47,4.71,8.17,1.32,6.86,7.12,9.84,1.69,8.15,1995,5,2,Spring
1986-09-17,Dhanusa,26.7,85.9,2.63,97.89,17.22,77.71,26.44,22.21,31.19,22.52,8.67,26.58,2.2,3.44,1.18,2.27,3.13,4.16,2.11,2.05,1986,9,17,Autumn
2006-05-17,Dhanusa,26.7,85.9,0.03,97.86,13.12,41.42,32.69,17.83,38.76,25.98,12.79,34.83,2.29,3.05,1.02,2.03,3.08,5.02,1.56,3.45,2006,5,17,Spring
1995-09-14,Dhanusa,26.7,85.9,0.22,97.72,17.92,71.6,28.49,22.83,33.07,24.46,8.61,28.95,1.38,2.58,0.3,2.28,1.81,3.07,0.33,2.74,1995,9,14,Autumn
1990-10-11,Dhanusa,26.7,85.9,0.01,98.39,14.53,69.7,25.52,19.56,30.68,21.16,9.51,25.66,1.47,2.87,0.55,2.32,2.1,3.94,0.85,3.08,1990,10,11,Autumn
1993-06-23,Dhanusa,26.7,85.9,0.62,97.25,15.34,44.07,34.24,20.2,40.84,27.66,13.18,37.18,3.53,5.05,2.7,2.35,4.47,6.7,2.84,3.86,1993,6,23,Monsoon
2000-05-02,Dhanusa,26.7,85.9,0.64,97.6,7.55,26.55,30.8,8.69,39.1,22.55,16.54,31.75,4.36,6.85,1.72,5.13,6.02,7.93,2.49,5.44,2000,5,2,Spring
2016-07-28,Dhanusa,26.7,85.9,6.88,97.61,20.3,88.78,26.9,24.88,29.62,24.73,4.89,26.96,2.59,3.54,1.05,2.49,3.71,5.09,1.77,3.32,2016,7,28,Monsoon
2015-05-12,Dhanusa,26.7,85.9,7.16,97.74,14.22,51.1,30.38,19.02,36.43,24.99,11.44,31.09,3.06,5.38,1.16,4.21,4.24,6.18,1.6,4.58,2015,5,12,Spring
1993-12-04,Dolkha,27.6,86.2,0.0,70.83,1.87,23.82,5.31,-13.18,12.46,1.55,10.91,0.81,1.7,4.52,0.37,4.14,1.58,3.8,0.5,3.29,1993,12,4,Winter
1995-05-02,Dolkha,27.6,86.2,0.2,70.75,3.61,29.59,11.79,-5.4,19.53,4.64,14.89,12.78,3.69,7.87,0.86,7.02,3.81,7.64,1.03,6.61,1995,5,2,Spring
1986-09-17,Dolkha,27.6,86.2,0.18,70.79,9.72,81.23,11.45,7.21,16.88,7.11,9.78,12.14,2.41,5.36,0.37,4.99,2.24,4.22,0.55,3.67,1986,9,17,Autumn
2006-05-17,Dolkha,27.6,86.2,0.2,70.92,9.06,67.66,13.2,6.66,18.97,8.46,10.5,15.64,2.6,5.31,0.31,5.01,2.21,4.11,0.41,3.69,2006,5,17,Spring
1995-09-14,Dolkha,27.6,86.2,0.01,70.74,10.77,85.17,12.26,9.11,17.01,8.51,8.5,13.67,2.34,5.21,0.51,4.7,2.18,4.18,0.68,3.5,1995,9,14,Autumn
1990-10-11,Dolkha,27.6,86.2,0.0,71.01,6.3,66.44,8.06,-0.21,14.15,3.74,10.41,7.14,1.92,4.79,0.2,4.59,1.78,3.94,0.23,3.71,1990,10,11,Autumn
1993-06-23,Dolkha,27.6,86.2,0.14,70.59,11.03,72.95,14.98,9.62,20.63,9.69,10.94,17.59,2.67,5.09,0.2,4.88,2.26,3.74,0.23,3.51,1993,6,23,Monsoon
2000-05-02,Dolkha,27.6,86.2,0.02,70.67,3.56,30.75,10.97,-6.17,17.93,6.31,11.62,11.75,2.43,5.52,0.2,5.32,2.24,4.36,0.62,3.73,2000,5,2,Spring
2016-07-28,Dolkha,27.6,86.2,7.83,70.68,12.45,96.07,12.62,11.32,15.76,10.08,5.68,13.47,2.6,5.49,1.05,4.44,2.55,4.85,0.88,3.97,2016,7,28,Monsoon
2015-05-12,Dolkha,27.6,86.2,3.45,70.74,8.41,73.25,10.84,5.51,16.27,5.76,10.52,12.14,2.85,5.71,0.53,5.18,2.76,4.69,0.71,3.98,2015,5,12,Spring
1993-12-04,Dolpa,29.0,82.9,0.0,62.13,0.96,17.17,-1.29,-19.87,7.01,-7.34,14.35,-5.27,1.94,5.84,0.38,5.46,1.93,5.58,0.29,5.29,1993,12,4,Winter
1995-05-02,Dolpa,29.0,82.9,0.0,62.19,3.17,40.3,3.5,-8.42,10.41,-1.43,11.84,5.09,3.68,8.23,0.4,7.83,3.76,8.0,0.39,7.61,1995,5,2,Spring
1986-09-17,Dolpa,29.0,82.9,0.0,62.24,4.74,56.05,4.52,-4.3,13.16,-2.78,15.94,4.66,2.4,4.99,0.41,4.57,2.27,4.09,0.38,3.71,1986,9,17,Autumn
2006-05-17,Dolpa,29.0,82.9,2.41,62.4,6.34,65.09,6.57,0.06,14.36,-0.32,14.67,8.07,2.58,5.91,0.33,5.58,2.34,4.75,0.31,4.44,2006,5,17,Spring
1995-09-14,Dolpa,29.0,82.9,0.08,62.22,7.56,73.78,7.26,2.53,13.72,2.46,11.26,9.36,2.34,5.86,0.15,5.71,2.28,5.14,0.22,4.92,1995,9,14,Autumn
1990-10-11,Dolpa,29.0,82.9,0.0,62.33,4.35,60.64,2.22,-5.55,9.48,-3.84,13.32,2.72,2.22,5.44,0.21,5.23,2.15,4.82,0.29,4.53,1990,10,11,Autumn
1993-06-23,Dolpa,29.0,82.9,1.22,62.18,7.67,59.72,10.58,2.22,18.41,3.77,14.64,13.52,2.97,6.56,0.21,6.35,2.56,5.29,0.23,5.05,1993,6,23,Monsoon
2000-05-02,Dolpa,29.0,82.9,0.0,62.2,1.53,18.1,4.5,-16.02,13.58,-3.46,17.04,6.66,2.57,5.36,0.84,4.52,2.63,4.81,1.08,3.73,2000,5,2,Spring
2016-07-28,Dolpa,29.0,82.9,6.94,62.16,10.16,87.8,9.01,6.9,13.22,5.89,7.33,10.49,2.96,6.2,0.2,6.0,2.98,5.69,0.23,5.46,2016,7,28,Monsoon
2015-05-12,Dolpa,29.0,82.9,1.84,62.25,6.42,76.67,4.36,0.43,10.51,-1.03,11.54,5.94,2.22,5.03,0.39,4.64,2.05,4.18,0.48,3.7,2015,5,12,Spring
1993-12-04,Doti,29.2,80.9,0.0,83.83,1.6,15.08,12.26,-12.12,21.43,6.28,15.14,8.6,2.04,4.32,0.2,4.12,2.22,3.96,0.25,3.72,1993,12,4,Winter
1995-05-02,Doti,29.2,80.9,0.0,83.49,4.42,21.36,22.8,-0.5,30.76,15.2,15.57,23.08,3.38,6.86,1.16,5.7,3.98,7.48,1.4,6.07,1995,5,2,Spring
1986-09-17,Doti,29.2,80.9,0.0,83.6,10.03,59.72,19.34,10.99,25.33,14.2,11.13,18.48,2.08,4.23,0.34,3.9,2.29,4.0,0.44,3.56,1986,9,17,Autumn
2006-05-17,Doti,29.2,80.9,3.52,83.71,11.32,56.54,22.17,12.95,27.63,16.68,10.96,23.12,2.06,5.11,0.39,4.72,2.16,4.61,0.55,4.06,2006,5,17,Spring
1995-09-14,Doti,29.2,80.9,0.5,83.47,13.76,75.44,20.58,15.77,26.12,16.53,9.59,21.39,1.93,4.4,0.27,4.13,2.07,4.05,0.24,3.82,1995,9,14,Autumn
1990-10-11,Doti,29.2,80.9,0.0,83.92,9.7,65.18,17.48,10.6,23.2,13.67,9.53,17.38,1.86,4.12,0.12,4.0,2.0,3.8,0.16,3.64,1990,10,11,Autumn
1993-06-23,Doti,29.2,80.9,1.95,83.22,13.12,55.35,24.84,15.09,30.52,19.74,10.79,26.38,2.21,4.2,0.61,3.58,2.33,3.72,0.86,2.85,1993,6,23,Monsoon
2000-05-02,Doti,29.2,80.9,0.0,83.36,2.15,9.93,23.51,-8.96,32.88,13.04,19.83,23.42,3.05,5.79,0.84,4.94,3.34,5.43,1.08,4.36,2000,5,2,Spring
2016-07-28,Doti,29.2,80.9,6.94,83.3,16.08,91.02,20.01,18.3,22.55,17.9,4.64,20.27,1.92,3.56,0.7,2.85,2.39,3.62,1.1,2.52,2016,7,28,Monsoon
2015-05-12,Doti,29.2,80.9,1.34,83.58,8.99,45.75,21.94,9.48,28.4,15.76,12.63,22.24,2.3,4.41,0.48,3.93,2.53,4.2,0.67,3.53,2015,5,12,Spring
1993-12-04,Gorkha,28.0,84.6,0.0,74.03,1.78,21.96,6.46,-13.02,14.3,1.2,13.1,2.63,1.96,4.56,0.54,4.02,1.75,3.56,0.42,3.14,1993,12,4,Winter
1995-05-02,Gorkha,28.0,84.6,0.0,73.86,3.37,23.23,15.13,-5.67,23.05,7.65,15.39,16.37,3.64,8.01,0.21,7.8,3.71,7.67,0.47,7.2,1995,5,2,Spring
1986-09-17,Gorkha,28.0,84.6,0.05,73.95,9.71,73.47,13.64,7.9,19.71,9.04,10.66,14.52,2.32,5.43,0.13,5.3,2.0,3.96,0.2,3.76,1986,9,17,Autumn
2006-05-17,Gorkha,28.0,84.6,0.27,74.08,9.55,63.68,15.62,8.15,21.29,10.68,10.62,17.9,2.56,5.18,0.12,5.07,2.13,3.96,0.13,3.82,2006,5,17,Spring
1995-09-14,Gorkha,28.0,84.6,0.2,73.89,11.6,83.87,14.3,10.92,18.82,10.82,8.01,15.65,2.16,4.79,0.16,4.63,1.97,3.61,0.33,3.27,1995,9,14,Autumn
1990-10-11,Gorkha,28.0,84.6,0.0,74.2,8.58,79.66,10.6,5.8,15.7,7.29,8.41,10.96,1.8,4.43,0.21,4.22,1.57,3.27,0.23,3.04,1990,10,11,Autumn
1993-06-23,Gorkha,28.0,84.6,0.03,73.73,10.6,61.51,17.73,9.77,23.6,12.29,11.31,20.08,2.79,5.43,0.14,5.28,2.27,4.16,0.18,3.97,1993,6,23,Monsoon
2000-05-02,Gorkha,28.0,84.6,0.0,73.84,2.84,20.97,14.05,-8.01,21.79,7.74,14.05,15.08,2.69,5.61,0.48,5.13,2.42,4.39,0.67,3.73,2000,5,2,Spring
2016-07-28,Gorkha,28.0,84.6,6.24,73.82,12.9,96.26,13.79,12.43,16.13,12.1,4.03,14.23,1.5,3.21,0.5,2.72,1.49,2.34,0.62,1.71,2016,7,28,Monsoon
2015-05-12,Gorkha,28.0,84.6,4.8,73.92,8.65,68.3,12.98,6.59,18.44,8.12,10.32,13.47,2.37,4.92,0.07,4.85,2.21,3.95,0.11,3.84,2015,5,12,Spring
1993-12-04,Gulmi,28.1,83.2,0.0,80.34,2.17,21.99,10.53,-9.91,18.26,5.27,12.99,5.89,1.87,4.24,0.16,4.07,1.92,3.66,0.18,3.48,1993,12,4,Winter
1995-05-02,Gulmi,28.1,83.2,0.0,80.04,3.76,19.83,20.63,-3.31,28.99,13.49,15.5,21.39,4.56,8.76,1.66,7.11,5.52,9.41,2.26,7.15,1995,5,2,Spring
1986-09-17,Gulmi,28.1,83.2,0.02,80.18,10.13,66.48,17.11,10.15,23.07,12.81,10.26,16.76,2.23,4.76,0.78,3.98,2.29,4.07,1.0,3.07,1986,9,17,Autumn
2006-05-17,Gulmi,28.1,83.2,0.57,80.3,10.03,54.69,20.1,10.41,26.51,14.56,11.95,21.51,2.49,5.28,0.34,4.94,2.39,4.58,0.33,4.25,2006,5,17,Spring
1995-09-14,Gulmi,28.1,83.2,0.32,80.1,13.35,83.08,17.9,14.58,22.15,14.68,7.46,18.45,2.0,4.15,0.5,3.65,2.11,3.62,0.69,2.94,1995,9,14,Autumn
1990-10-11,Gulmi,28.1,83.2,0.0,80.49,9.81,75.2,14.74,9.59,19.48,11.18,8.3,14.2,1.84,4.19,0.35,3.84,1.87,3.66,0.54,3.12,1990,10,11,Autumn
1993-06-23,Gulmi,28.1,83.2,1.33,79.88,11.64,54.01,22.62,12.59,28.5,17.11,11.39,25.0,2.51,4.96,0.39,4.57,2.26,4.2,0.36,3.83,1993,6,23,Monsoon
2000-05-02,Gulmi,28.1,83.2,0.0,80.02,2.14,11.62,20.17,-9.57,28.53,11.96,16.57,20.8,2.99,6.19,0.39,5.79,3.0,5.4,0.59,4.81,2000,5,2,Spring
2016-07-28,Gulmi,28.1,83.2,17.32,79.98,15.46,96.23,17.85,16.93,19.94,16.06,3.88,18.31,2.54,4.73,1.35,3.38,2.98,4.41,2.27,2.14,2016,7,28,Monsoon
2015-05-12,Gulmi,28.1,83.2,2.88,80.16,8.88,54.37,18.22,8.6,24.13,12.99,11.14,18.35,3.02,5.61,1.17,4.44,3.29,5.19,1.59,3.6,2015,5,12,Spring
1993-12-04,Humla,30.0,81.8,0.0,57.99,0.64,15.93,-6.66,-23.19,1.97,-12.13,14.1,-9.45,2.43,7.37,0.35,7.02,2.74,7.77,0.2,7.58,1993,12,4,Winter
1995-05-02,Humla,30.0,81.8,0.0,58.05,3.16,53.7,-1.5,-9.27,4.38,-5.49,9.87,1.17,4.82,9.71,1.42,8.29,5.14,9.93,1.68,8.24,1995,5,2,Spring
1986-09-17,Humla,30.0,81.8,0.0,58.2,4.36,54.25,2.85,-5.99,11.69,-4.59,16.28,4.5,2.37,4.89,0.27,4.62,2.41,4.35,0.35,4.0,1986,9,17,Autumn
2006-05-17,Humla,30.0,81.8,1.64,58.37,5.39,61.82,4.03,-3.04,11.79,-1.86,13.65,6.53,3.39,7.18,0.69,6.49,3.56,6.68,0.92,5.77,2006,5,17,Spring
1995-09-14,Humla,30.0,81.8,0.01,58.16,6.19,72.17,3.73,-1.08,10.61,-0.82,11.43,6.14,3.3,6.67,1.23,5.44,3.65,6.36,1.96,4.4,1995,9,14,Autumn
1990-10-11,Humla,30.0,81.8,0.0,58.19,3.97,60.28,0.07,-7.13,7.09,-4.47,11.56,2.31,2.76,6.29,0.77,5.51,2.96,6.03,0.99,5.04,1990,10,11,Autumn
1993-06-23,Humla,30.0,81.8,0.08,58.19,5.69,47.07,8.71,-3.36,17.29,0.4,16.89,12.03,3.85,6.9,0.98,5.93,3.74,6.06,1.27,4.79,1993,6,23,Monsoon
2000-05-02,Humla,30.0,81.8,0.0,58.2,1.11,15.55,1.2,-19.34,9.13,-5.63,14.76,3.52,2.02,4.02,0.33,3.7,2.36,4.58,0.28,4.3,2000,5,2,Spring
2016-07-28,Humla,30.0,81.8,3.69,58.16,8.44,78.22,7.02,3.33,13.32,1.79,11.53,9.32,3.11,6.58,0.27,6.31,3.22,6.37,0.46,5.91,2016,7,28,Monsoon
2015-05-12,Humla,30.0,81.8,1.14,58.19,5.64,76.85,1.56,-2.18,7.73,-3.24,10.98,4.19,2.96,5.86,1.47,4.38,3.19,5.45,1.73,3.72,2015,5,12,Spring
1993-12-04,Ilam,26.9,87.9,0.0,93.28,4.58,35.25,17.06,1.14,24.28,11.55,12.73,14.12,1.72,2.96,0.33,2.64,2.1,2.76,0.53,2.23,1993,12,4,Winter
1995-05-02,Ilam,26.9,87.9,5.44,92.5,6.72,24.38,29.31,6.58,37.34,21.08,16.24,29.3,2.21,3.54,0.6,2.93,2.86,4.28,1.06,3.23,1995,5,2,Spring
1986-09-17,Ilam,26.9,87.9,4.15,92.76,17.24,88.42,23.39,21.24,26.72,20.92,5.8,23.37,1.81,3.5,0.2,3.31,2.62,4.23,0.42,3.82,1986,9,17,Autumn
2006-05-17,Ilam,26.9,87.9,0.28,92.86,12.06,49.42,27.24,15.62,33.4,21.64,11.76,28.37,2.3,3.86,1.22,2.63,2.84,3.66,2.2,1.46,2006,5,17,Spring
1995-09-14,Ilam,26.9,87.9,0.0,92.66,16.54,75.92,25.23,20.58,29.6,21.56,8.06,25.6,1.67,3.26,0.41,2.85,2.08,3.24,0.71,2.52,1995,9,14,Autumn
1990-10-11,Ilam,26.9,87.9,0.44,93.22,14.5,82.22,21.84,18.51,26.28,18.56,7.72,21.64,1.71,3.4,0.37,3.03,2.21,3.76,0.57,3.2,1990,10,11,Autumn
1993-06-23,Ilam,26.9,87.9,6.7,92.31,17.19,68.61,27.54,21.14,32.69,22.41,10.28,28.48,2.22,3.66,0.85,2.81,2.95,3.8,1.06,2.74,1993,6,23,Monsoon
2000-05-02,Ilam,26.9,87.9,6.24,92.69,12.52,60.8,24.35,15.71,30.62,18.81,11.8,24.83,2.89,4.6,1.5,3.1,3.9,4.86,2.56,2.31,2000,5,2,Spring
2016-07-28,Ilam,26.9,87.9,7.76,92.56,18.88,89.11,24.72,22.66,27.83,22.11,5.72,24.73,2.04,4.7,0.17,4.53,2.48,5.08,0.36,4.72,2016,7,28,Monsoon
2015-05-12,Ilam,26.9,87.9,8.27,92.67,15.27,69.49,25.4,19.26,30.63,21.0,9.63,25.85,2.95,6.46,0.4,6.06,3.91,7.57,0.71,6.86,2015,5,12,Spring
1993-12-04,Jhapa,26.7,87.9,0.0,93.5,4.1,31.21,17.23,-0.21,24.61,11.64,12.97,14.36,1.76,2.92,0.53,2.39,2.14,2.66,0.79,1.87,1993,12,4,Winter
1995-05-02,Jhapa,26.7,87.9,5.39,92.69,6.92,24.69,29.64,7.05,37.77,21.38,16.39,29.7,2.2,4.01,0.3,3.71,2.87,4.77,0.73,4.04,1995,5,2,Spring
1986-09-17,Jhapa,26.7,87.9,3.38,92.98,17.22,87.82,23.52,21.29,26.87,21.03,5.84,23.59,1.84,3.57,0.27,3.3,2.58,4.17,0.5,3.67,1986,9,17,Autumn
2006-05-17,Jhapa,26.7,87.9,0.23,93.08,12.24,49.17,27.62,15.9,33.85,21.91,11.94,29.01,2.31,3.74,1.27,2.47,2.81,3.48,2.13,1.35,2006,5,17,Spring
1995-09-14,Jhapa,26.7,87.9,0.0,92.87,16.54,74.86,25.5,20.64,30.01,21.73,8.28,26.04,1.63,3.24,0.24,2.99,1.97,3.22,0.39,2.82,1995,9,14,Autumn
1990-10-11,Jhapa,26.7,87.9,0.32,93.44,14.49,81.56,22.0,18.58,26.58,18.56,8.02,22.01,1.67,3.41,0.49,2.92,2.13,3.61,0.73,2.88,1990,10,11,Autumn
1993-06-23,Jhapa,26.7,87.9,6.2,92.52,17.03,66.89,27.85,21.04,33.25,22.48,10.77,29.01,2.28,3.76,0.9,2.86,2.99,3.9,1.11,2.79,1993,6,23,Monsoon
2000-05-02,Jhapa,26.7,87.9,4.93,92.9,12.04,57.2,24.74,15.21,31.31,18.82,12.48,25.39,3.04,4.7,1.66,3.03,4.05,5.08,2.67,2.41,2000,5,2,Spring
2016-07-28,Jhapa,26.7,87.9,6.75,92.77,18.89,88.89,24.81,22.73,27.99,22.11,5.88,24.91,2.01,4.8,0.27,4.53,2.41,5.1,0.54,4.57,2016,7,28,Monsoon
2015-05-12,Jhapa,26.7,87.9,9.21,92.89,15.19,68.06,25.69,19.23,30.78,21.28,9.5,26.19,2.89,6.41,0.43,5.98,3.72,7.32,0.69,6.63,2015,5,12,Spring
1993-12-04,Jumla,29.3,82.3,0.0,75.35,1.3,15.21,7.34,-15.29,16.22,1.07,15.14,3.44,2.11,4.66,0.44,4.22,2.14,4.13,0.52,3.61,1993,12,4,Winter
1995-05-02,Jumla,29.3,82.3,0.0,75.21,4.03,28.04,15.61,-3.14,23.28,9.03,14.24,16.34,3.32,7.38,0.6,6.78,3.56,7.42,0.74,6.68,1995,5,2,Spring
1986-09-17,Jumla,29.3,82.3,0.0,75.26,8.43,64.54,13.5,6.27,20.31,7.54,12.78,13.14,2.22,4.62,0.5,4.12,2.19,3.91,0.65,3.27,1986,9,17,Autumn
2006-05-17,Jumla,29.3,82.3,3.22,75.4,9.4,60.89,16.24,8.31,22.44,10.38,12.06,17.18,2.3,5.84,0.36,5.48,2.16,4.89,0.44,4.46,2006,5,17,Spring
1995-09-14,Jumla,29.3,82.3,0.16,75.18,11.36,75.31,15.76,11.02,21.72,11.48,10.24,17.24,1.98,4.96,0.21,4.76,1.92,4.27,0.31,3.96,1995,9,14,Autumn
1990-10-11,Jumla,29.3,82.3,0.0,75.5,8.12,69.31,11.92,5.82,17.84,7.52,10.32,12.36,1.89,4.56,0.23,4.32,1.82,3.92,0.21,3.7,1990,10,11,Autumn
1993-06-23,Jumla,29.3,82.3,2.2,75.03,10.89,58.07,19.28,10.41,25.5,13.84,11.66,21.52,2.59,5.54,0.31,5.23,2.36,4.55,0.4,4.14,1993,6,23,Monsoon
2000-05-02,Jumla,29.3,82.3,0.0,75.14,1.84,11.98,16.49,-11.91,26.0,6.8,19.2,17.2,2.98,6.43,0.52,5.9,3.01,5.8,0.67,5.13,2000,5,2,Spring
2016-07-28,Jumla,29.3,82.3,6.38,75.05,13.74,89.9,15.93,14.06,19.09,13.44,5.65,16.66,2.28,4.52,0.48,4.04,2.44,4.07,0.67,3.4,2016,7,28,Monsoon
2015-05-12,Jumla,29.3,82.3,1.72,75.29,8.2,59.52,14.8,6.52,21.0,9.02,11.97,15.55,2.28,4.72,0.58,4.13,2.26,4.1,0.72,3.37,2015,5,12,Spring
1993-12-04,Kabhre,27.6,85.6,0.0,78.25,2.3,24.85,9.18,-9.87,16.65,4.89,11.76,4.94,1.73,4.35,0.4,3.95,1.65,3.58,0.31,3.27,1993,12,4,Winter
1995-05-02,Kabhre,27.6,85.6,0.13,77.98,3.83,21.75,19.01,-3.4,27.1,11.7,15.4,19.83,3.77,8.08,1.06,7.02,4.16,8.4,1.43,6.97,1995,5,2,Spring
1986-09-17,Kabhre,27.6,85.6,0.45,78.08,11.57,80.64,15.72,11.48,20.84,11.82,9.02,16.14,2.26,5.0,0.54,4.46,2.19,3.96,0.84,3.13,1986,9,17,Autumn
2006-05-17,Kabhre,27.6,85.6,0.24,78.2,10.46,61.23,18.52,10.42,24.2,13.54,10.66,20.7,2.58,5.21,0.48,4.73,2.36,4.43,0.7,3.73,2006,5,17,Spring
1995-09-14,Kabhre,27.6,85.6,0.07,78.01,12.64,82.65,16.71,13.14,21.33,13.05,8.28,17.71,1.93,4.65,0.13,4.51,1.8,3.72,0.18,3.54,1995,9,14,Autumn
1990-10-11,Kabhre,27.6,85.6,0.0,78.39,9.25,76.3,13.21,7.36,18.28,9.68,8.6,12.83,1.61,4.11,0.22,3.89,1.51,3.37,0.19,3.18,1990,10,11,Autumn
1993-06-23,Kabhre,27.6,85.6,0.09,77.81,12.14,64.53,19.98,12.65,25.81,14.71,11.11,22.34,2.32,4.95,0.12,4.83,1.95,4.0,0.2,3.8,1993,6,23,Monsoon
2000-05-02,Kabhre,27.6,85.6,0.08,77.96,3.8,23.93,17.36,-3.9,24.28,11.91,12.38,17.86,2.56,5.85,0.49,5.36,2.36,4.81,0.73,4.08,2000,5,2,Spring
2016-07-28,Kabhre,27.6,85.6,7.06,77.92,14.37,96.11,16.32,15.11,18.69,14.47,4.22,16.71,1.87,4.04,0.54,3.5,1.86,3.55,0.65,2.9,2016,7,28,Monsoon
2015-05-12,Kabhre,27.6,85.6,6.12,78.04,9.62,65.6,16.08,9.01,21.1,11.97,9.13,16.46,2.73,5.72,0.48,5.24,2.75,5.08,0.65,4.43,2015,5,12,Spring
1993-12-04,Kailali,28.8,80.8,0.0,93.92,2.18,16.74,17.21,-7.54,25.96,11.38,14.58,14.27,2.07,3.38,0.42,2.96,2.61,3.88,0.46,3.42,1993,12,4,Winter
1995-05-02,Kailali,28.8,80.8,0.0,93.21,5.1,17.32,30.61,2.98,39.24,21.87,17.38,30.94,3.73,6.76,2.05,4.71,5.07,8.14,2.98,5.17,1995,5,2,Spring
1986-09-17,Kailali,28.8,80.8,0.0,93.41,11.45,51.4,25.81,14.9,31.57,20.23,11.35,24.66,2.03,3.67,0.41,3.26,2.68,4.21,0.53,3.68,1986,9,17,Autumn
2006-05-17,Kailali,28.8,80.8,2.99,93.46,12.63,47.08,28.96,16.47,35.45,22.19,13.26,30.17,2.29,3.75,1.34,2.41,3.12,4.3,1.88,2.42,2006,5,17,Spring
1995-09-14,Kailali,28.8,80.8,0.54,93.28,16.7,73.14,26.13,20.86,30.86,22.52,8.34,26.43,1.63,3.5,0.31,3.19,2.04,3.72,0.34,3.39,1995,9,14,Autumn
1990-10-11,Kailali,28.8,80.8,0.0,93.85,11.56,59.24,23.66,15.18,29.08,19.12,9.96,22.86,1.63,3.04,0.27,2.77,2.07,3.43,0.32,3.11,1990,10,11,Autumn
1993-06-23,Kailali,28.8,80.8,4.28,92.8,14.63,44.86,32.24,18.56,37.78,26.98,10.79,32.99,1.7,2.78,0.51,2.27,2.1,2.93,0.75,2.19,1993,6,23,Monsoon
2000-05-02,Kailali,28.8,80.8,0.0,93.01,2.4,8.01,30.93,-6.35,40.17,20.81,19.35,30.5,2.58,4.11,0.8,3.31,3.21,4.53,1.0,3.53,2000,5,2,Spring
2016-07-28,Kailali,28.8,80.8,9.74,93.06,19.2,90.4,24.85,23.11,27.51,22.75,4.77,24.95,2.44,4.08,1.14,2.93,3.63,5.19,2.38,2.81,2016,7,28,Monsoon
2015-05-12,Kailali,28.8,80.8,3.67,93.3,10.01,36.02,29.59,12.73,35.99,22.85,13.14,29.64,2.08,3.63,0.28,3.35,2.59,4.1,0.39,3.71,2015,5,12,Spring
1993-12-04,Kanchanpur,29.0,80.2,0.0,89.24,2.11,17.39,15.28,-8.61,24.49,9.53,14.96,12.14,2.09,3.97,0.31,3.66,2.53,3.75,0.38,3.38,1993,12,4,Winter
1995-05-02,Kanchanpur,29.0,80.2,0.0,88.73,4.74,19.13,26.81,1.31,35.04,18.63,16.41,27.31,3.67,6.81,1.8,5.0,4.65,7.71,2.74,4.98,1995,5,2,Spring
1986-09-17,Kanchanpur,29.0,80.2,0.01,88.87,10.2,51.14,23.12,12.32,29.2,17.48,11.72,22.13,2.07,3.96,0.48,3.48,2.55,4.14,0.69,3.44,1986,9,17,Autumn
2006-05-17,Kanchanpur,29.0,80.2,3.16,88.96,12.5,54.38,25.49,15.51,31.47,19.76,11.71,26.81,2.15,4.44,1.06,3.38,2.68,4.39,1.87,2.52,2006,5,17,Spring
1995-09-14,Kanchanpur,29.0,80.2,1.17,88.74,15.93,80.02,23.01,19.22,27.53,19.59,7.94,23.25,1.69,3.74,0.56,3.18,1.99,3.93,0.6,3.33,1995,9,14,Autumn
1990-10-11,Kanchanpur,29.0,80.2,0.0,89.27,10.29,61.78,20.24,12.52,26.05,15.62,10.44,19.55,1.99,3.39,0.34,3.05,2.51,3.46,0.48,2.98,1990,10,11,Autumn
1993-06-23,Kanchanpur,29.0,80.2,1.25,88.37,15.19,55.56,28.31,18.44,33.59,23.1,10.49,29.55,2.12,3.25,1.0,2.25,2.64,3.66,1.52,2.14,1993,6,23,Monsoon
2000-05-02,Kanchanpur,29.0,80.2,0.0,88.53,2.52,9.52,27.92,-6.53,37.07,17.53,19.54,27.58,2.88,4.9,0.62,4.28,3.41,4.9,0.76,4.13,2000,5,2,Spring
2016-07-28,Kanchanpur,29.0,80.2,10.35,88.53,17.57,91.05,22.44,20.8,24.19,20.95,3.24,22.37,1.87,3.97,0.75,3.22,2.53,4.68,1.23,3.44,2016,7,28,Monsoon
2015-05-12,Kanchanpur,29.0,80.2,0.83,88.81,9.27,37.3,26.82,10.86,33.16,21.12,12.04,27.13,2.26,4.39,0.2,4.19,2.61,4.36,0.3,4.07,2015,5,12,Spring
1993-12-04,Kaski,28.2,84.0,0.0,78.44,2.03,21.96,9.18,-10.97,16.36,4.11,12.25,4.68,1.8,4.02,0.28,3.75,1.65,3.09,0.14,2.95,1993,12,4,Winter
1995-05-02,Kaski,28.2,84.0,0.0,78.14,3.49,19.54,19.29,-4.56,27.48,11.82,15.66,20.23,3.82,8.15,0.83,7.32,4.21,8.15,1.12,7.03,1995,5,2,Spring
1986-09-17,Kaski,28.2,84.0,0.03,78.29,10.13,68.33,16.31,9.53,22.09,12.12,9.97,16.56,2.22,5.14,0.12,5.02,2.01,3.95,0.25,3.7,1986,9,17,Autumn
2006-05-17,Kaski,28.2,84.0,0.45,78.41,9.99,57.82,18.75,9.77,24.62,14.01,10.6,20.42,2.55,5.22,0.56,4.66,2.26,4.08,0.45,3.63,2006,5,17,Spring
1995-09-14,Kaski,28.2,84.0,0.34,78.21,12.83,84.15,16.7,13.41,20.81,13.49,7.33,17.51,1.93,4.22,0.19,4.04,1.85,3.34,0.26,3.08,1995,9,14,Autumn
1990-10-11,Kaski,28.2,84.0,0.0,78.59,10.15,81.84,13.6,9.61,17.96,10.73,7.23,13.87,1.79,4.06,0.14,3.92,1.66,3.15,0.18,2.97,1990,10,11,Autumn
1993-06-23,Kaski,28.2,84.0,0.15,78.02,11.21,56.6,20.87,11.51,26.51,15.27,11.23,23.01,2.68,5.08,0.17,4.92,2.24,3.96,0.13,3.83,1993,6,23,Monsoon
2000-05-02,Kaski,28.2,84.0,0.0,78.16,2.66,16.15,18.06,-7.82,25.85,11.08,14.77,18.8,2.91,5.71,0.75,4.96,2.75,4.66,1.05,3.62,2000,5,2,Spring
2016-07-28,Kaski,28.2,84.0,10.15,78.12,14.74,97.83,16.47,15.55,18.45,15.03,3.42,16.64,2.16,3.91,0.95,2.96,2.42,3.3,1.44,1.86,2016,7,28,Monsoon
2015-05-12,Kaski,28.2,84.0,2.86,78.26,9.14,61.95,16.24,8.39,21.93,11.22,10.72,16.11,2.56,5.12,0.41,4.71,2.6,4.43,0.52,3.91,2015,5,12,Spring
1993-12-04,Kathmandu,27.7,85.3,0.0,84.25,2.53,23.74,12.42,-7.65,19.94,7.86,12.07,8.5,1.72,4.05,0.22,3.83,1.71,3.32,0.33,2.98,1993,12,4,Winter
1995-05-02,Kathmandu,27.7,85.3,0.06,83.79,4.08,18.09,24.26,-1.6,32.86,16.39,16.47,24.97,3.87,8.43,0.87,7.56,4.58,9.09,1.14,7.95,1995,5,2,Spring
1986-09-17,Kathmandu,27.7,85.3,0.69,83.96,12.83,76.42,19.36,14.54,24.45,15.44,9.02,19.77,2.15,4.67,0.12,4.55,2.17,3.84,0.21,3.63,1986,9,17,Autumn
2006-05-17,Kathmandu,27.7,85.3,0.25,84.06,11.37,54.64,22.89,12.98,28.6,17.72,10.88,24.81,2.43,4.86,0.76,4.1,2.38,4.32,0.8,3.52,2006,5,17,Spring
1995-09-14,Kathmandu,27.7,85.3,0.12,83.87,13.91,78.07,20.3,15.99,24.93,16.41,8.52,21.1,1.88,4.1,0.29,3.8,1.95,3.38,0.49,2.89,1995,9,14,Autumn
1990-10-11,Kathmandu,27.7,85.3,0.0,84.33,11.11,76.24,17.18,11.97,21.91,13.78,8.13,16.97,1.55,3.57,0.15,3.41,1.59,2.98,0.31,2.67,1990,10,11,Autumn
1993-06-23,Kathmandu,27.7,85.3,0.08,83.6,12.78,55.43,24.49,14.69,30.53,19.02,11.51,26.69,2.3,4.63,0.3,4.33,2.26,4.03,0.43,3.59,1993,6,23,Monsoon
2000-05-02,Kathmandu,27.7,85.3,0.12,83.8,3.88,19.45,22.21,-2.51,29.7,15.72,13.98,22.62,2.86,5.84,1.09,4.74,2.94,5.08,1.75,3.33,2000,5,2,Spring
2016-07-28,Kathmandu,27.7,85.3,7.12,83.78,15.98,94.81,19.36,18.06,21.37,17.77,3.6,19.46,1.27,2.93,0.19,2.74,1.42,2.61,0.24,2.37,2016,7,28,Monsoon
2015-05-12,Kathmandu,27.7,85.3,7.31,83.92,10.67,59.88,20.34,11.85,25.41,15.98,9.43,20.47,2.59,5.46,0.4,5.06,2.74,5.13,0.55,4.58,2015,5,12,Spring
1993-12-04,Lalitpur,27.6,85.3,0.0,84.25,2.53,23.74,12.42,-7.65,19.94,7.86,12.07,8.5,1.72,4.05,0.22,3.83,1.71,3.32,0.33,2.98,1993,12,4,Winter
1995-05-02,Lalitpur,27.6,85.3,0.06,83.79,4.08,18.09,24.26,-1.6,32.86,16.39,16.47,24.97,3.87,8.43,0.87,7.56,4.58,9.09,1.14,7.95,1995,5,2,Spring
1986-09-17,Lalitpur,27.6,85.3,0.69,83.96,12.83,76.42,19.36,14.54,24.45,15.44,9.02,19.77,2.15,4.67,0.12,4.55,2.17,3.84,0.21,3.63,1986,9,17,Autumn
2006-05-17,Lalitpur,27.6,85.3,0.25,84.06,11.37,54.64,22.89,12.98,28.6,17.72,10.88,24.81,2.43,4.86,0.76,4.1,2.38,4.32,0.8,3.52,2006,5,17,Spring
1995-09-14,Lalitpur,27.6,85.3,0.12,83.87,13.91,78.07,20.3,15.99,24.93,16.41,8.52,21.1,1.88,4.1,0.29,3.8,1.95,3.38,0.49,2.89,1995,9,14,Autumn
1990-10-11,Lalitpur,27.6,85.3,0.0,84.33,11.11,76.24,17.18,11.97,21.91,13.78,8.13,16.97,1.55,3.57,0.15,3.41,1.59,2.98,0.31,2.67,1990,10,11,Autumn
1993-06-23,Lalitpur,27.6,85.3,0.08,83.6,12.78,55.43,24.49,14.69,30.53,19.02,11.51,26.69,2.3,4.63,0.3,4.33,2.26,4.03,0.43,3.59,1993,6,23,Monsoon
2000-05-02,Lalitpur,27.6,85.3,0.12,83.8,3.88,19.45,22.21,-2.51,29.7,15.72,13.98,22.62,2.86,5.84,1.09,4.74,2.94,5.08,1.75,3.33,2000,5,2,Spring
2016-07-28,Lalitpur,27.6,85.3,7.12,83.78,15.98,94.81,19.36,18.06,21.37,17.77,3.6,19.46,1.27,2.93,0.19,2.74,1.42,2.61,0.24,2.37,2016,7,28,Monsoon
2015-05-12,Lalitpur,27.6,85.3,7.31,83.92,10.67,59.88,20.34,11.85,25.41,15.98,9.43,20.47,2.59,5.46,0.4,5.06,2.74,5.13,0.55,4.58,2015,5,12,Spring
1993-12-04,Lamjung,28.3,84.4,0.0,77.88,2.0,22.16,8.76,-11.18,15.93,3.83,12.1,4.4,1.82,4.03,0.34,3.69,1.65,3.03,0.19,2.84,1993,12,4,Winter
1995-05-02,Lamjung,28.3,84.4,0.0,77.6,3.47,19.94,18.74,-4.73,26.89,11.31,15.58,19.7,3.72,8.1,0.59,7.51,4.01,7.98,0.93,7.05,1995,5,2,Spring
1986-09-17,Lamjung,28.3,84.4,0.04,77.74,10.18,69.96,15.9,9.48,21.69,11.71,9.98,16.38,2.26,5.18,0.09,5.09,2.03,3.89,0.25,3.65,1986,9,17,Autumn
2006-05-17,Lamjung,28.3,84.4,0.37,77.86,10.01,59.15,18.3,9.66,24.05,13.64,10.41,20.08,2.56,5.18,0.62,4.57,2.24,3.96,0.45,3.51,2006,5,17,Spring
1995-09-14,Lamjung,28.3,84.4,0.29,77.66,12.68,84.35,16.37,13.08,20.49,13.07,7.42,17.26,1.96,4.32,0.15,4.18,1.85,3.36,0.18,3.17,1995,9,14,Autumn
1990-10-11,Lamjung,28.3,84.4,0.0,78.03,10.12,83.1,13.2,9.45,17.6,10.26,7.33,13.63,1.79,4.06,0.09,3.97,1.64,3.03,0.11,2.92,1990,10,11,Autumn
1993-06-23,Lamjung,28.3,84.4,0.09,77.47,11.11,57.41,20.37,11.25,26.08,14.77,11.3,22.52,2.71,5.09,0.12,4.97,2.26,3.95,0.09,3.86,1993,6,23,Monsoon
2000-05-02,Lamjung,28.3,84.4,0.0,77.61,2.77,17.36,17.41,-7.49,25.16,10.65,14.51,18.18,2.87,5.61,0.72,4.89,2.69,4.52,1.06,3.47,2000,5,2,Spring
2016-07-28,Lamjung,28.3,84.4,8.45,77.57,14.49,97.97,16.08,15.11,18.09,14.64,3.45,16.24,2.03,3.64,0.85,2.79,2.26,2.95,1.19,1.76,2016,7,28,Monsoon
2015-05-12,Lamjung,28.3,84.4,3.2,77.71,9.15,63.59,15.72,8.24,21.35,10.8,10.55,15.58,2.47,5.0,0.31,4.69,2.46,4.25,0.39,3.86,2015,5,12,Spring
1993-12-04,Mahottari,26.7,85.8,0.0,98.53,3.95,29.36,18.48,0.24,26.9,12.35,14.54,16.32,1.4,2.36,0.24,2.12,1.95,4.07,0.31,3.76,1993,12,4,Winter
1995-05-02,Mahottari,26.7,85.8,0.19,97.44,5.37,14.65,35.33,4.37,44.51,26.3,18.21,36.47,4.71,8.17,1.32,6.86,7.12,9.84,1.69,8.15,1995,5,2,Spring
1986-09-17,Mahottari,26.7,85.8,2.63,97.89,17.22,77.71,26.44,22.21,31.19,22.52,8.67,26.58,2.2,3.44,1.18,2.27,3.13,4.16,2.11,2.05,1986,9,17,Autumn
2006-05-17,Mahottari,26.7,85.8,0.03,97.86,13.12,41.42,32.69,17.83,38.76,25.98,12.79,34.83,2.29,3.05,1.02,2.03,3.08,5.02,1.56,3.45,2006,5,17,Spring
1995-09-14,Mahottari,26.7,85.8,0.22,97.72,17.92,71.6,28.49,22.83,33.07,24.46,8.61,28.95,1.38,2.58,0.3,2.28,1.81,3.07,0.33,2.74,1995,9,14,Autumn
1990-10-11,Mahottari,26.7,85.8,0.01,98.39,14.53,69.7,25.52,19.56,30.68,21.16,9.51,25.66,1.47,2.87,0.55,2.32,2.1,3.94,0.85,3.08,1990,10,11,Autumn
1993-06-23,Mahottari,26.7,85.8,0.62,97.25,15.34,44.07,34.24,20.2,40.84,27.66,13.18,37.18,3.53,5.05,2.7,2.35,4.47,6.7,2.84,3.86,1993,6,23,Monsoon
2000-05-02,Mahottari,26.7,85.8,0.64,97.6,7.55,26.55,30.8,8.69,39.1,22.55,16.54,31.75,4.36,6.85,1.72,5.13,6.02,7.93,2.49,5.44,2000,5,2,Spring
2016-07-28,Mahottari,26.7,85.8,6.88,97.61,20.3,88.78,26.9,24.88,29.62,24.73,4.89,26.96,2.59,3.54,1.05,2.49,3.71,5.09,1.77,3.32,2016,7,28,Monsoon
2015-05-12,Mahottari,26.7,85.8,7.16,97.74,14.22,51.1,30.38,19.02,36.43,24.99,11.44,31.09,3.06,5.38,1.16,4.21,4.24,6.18,1.6,4.58,2015,5,12,Spring
1993-12-04,Makwanpur,27.4,85.0,0.0,94.53,3.31,25.26,17.37,-2.66,25.3,11.99,13.31,14.36,1.57,2.54,0.43,2.11,1.99,3.38,0.52,2.86,1993,12,4,Winter
1995-05-02,Makwanpur,27.4,85.0,0.1,93.64,4.93,15.08,32.56,2.55,41.7,24.13,17.57,33.26,4.56,8.94,1.34,7.6,6.38,10.4,1.65,8.76,1995,5,2,Spring
1986-09-17,Makwanpur,27.4,85.0,3.02,94.0,15.65,74.85,24.79,19.94,29.75,20.77,8.99,24.9,1.98,3.44,0.14,3.3,2.48,3.58,0.39,3.19,1986,9,17,Autumn
2006-05-17,Makwanpur,27.4,85.0,0.07,94.01,12.79,44.58,30.24,16.79,35.99,24.35,11.65,32.11,2.08,3.37,0.74,2.63,2.57,3.28,1.08,2.2,2006,5,17,Spring
1995-09-14,Makwanpur,27.4,85.0,0.14,93.85,16.47,71.81,26.32,20.76,30.98,22.35,8.63,26.71,1.72,3.1,0.54,2.56,2.15,3.23,0.64,2.58,1995,9,14,Autumn
1990-10-11,Makwanpur,27.4,85.0,0.0,94.46,13.85,72.03,23.5,18.06,28.49,19.55,8.94,23.5,1.58,2.95,0.52,2.43,2.02,3.28,0.78,2.5,1990,10,11,Autumn
1993-06-23,Makwanpur,27.4,85.0,0.37,93.44,14.49,46.08,31.73,18.62,38.28,25.39,12.89,34.35,2.58,3.27,1.92,1.35,3.31,5.0,1.7,3.31,1993,6,23,Monsoon
2000-05-02,Makwanpur,27.4,85.0,0.59,93.73,5.17,18.95,29.39,2.76,37.2,21.8,15.39,29.72,3.42,5.19,1.49,3.69,4.42,5.68,1.91,3.77,2000,5,2,Spring
2016-07-28,Makwanpur,27.4,85.0,8.13,93.75,19.22,91.85,24.73,23.24,26.67,23.07,3.6,24.57,1.92,2.98,0.6,2.38,2.68,3.73,1.0,2.73,2016,7,28,Monsoon
2015-05-12,Makwanpur,27.4,85.0,8.46,93.89,12.9,52.26,27.61,16.8,33.21,22.94,10.28,27.89,2.71,5.05,0.87,4.18,3.53,5.53,1.05,4.48,2015,5,12,Spring
1993-12-04,Manang,28.6,84.2,0.0,61.63,1.15,21.91,-2.16,-18.87,6.65,-8.49,15.14,-5.99,2.22,5.62,0.62,5.0,2.3,5.38,0.91,4.46,1993,12,4,Winter
1995-05-02,Manang,28.6,84.2,0.0,61.7,2.78,34.55,3.71,-10.11,10.79,-2.19,12.98,5.82,3.84,8.84,0.08,8.76,3.87,8.31,0.24,8.07,1995,5,2,Spring
1986-09-17,Manang,28.6,84.2,0.02,61.77,5.79,63.68,5.44,-2.17,13.15,-0.78,13.93,6.56,2.33,5.29,0.39,4.89,2.08,4.07,0.53,3.54,1986,9,17,Autumn
2006-05-17,Manang,28.6,84.2,0.33,61.91,6.69,67.39,6.73,0.29,13.71,0.37,13.35,9.45,2.59,5.16,0.59,4.57,2.25,3.83,0.79,3.04,2006,5,17,Spring
1995-09-14,Manang,28.6,84.2,0.27,61.72,7.98,79.12,6.89,2.64,12.47,3.04,9.43,8.65,2.56,5.6,0.48,5.12,2.48,4.74,0.62,4.12,1995,9,14,Autumn
1990-10-11,Manang,28.6,84.2,0.0,61.84,5.69,75.14,2.84,-2.45,8.95,-0.87,9.82,3.85,2.35,5.65,0.15,5.49,2.29,4.86,0.22,4.64,1990,10,11,Autumn
1993-06-23,Manang,28.6,84.2,0.08,61.71,7.97,65.73,9.6,2.89,16.5,2.88,13.63,12.61,3.01,5.66,0.14,5.52,2.54,4.42,0.06,4.36,1993,6,23,Monsoon
2000-05-02,Manang,28.6,84.2,0.0,61.69,1.9,23.59,3.69,-14.37,10.92,-2.17,13.09,5.85,1.97,3.38,0.52,2.87,2.05,2.98,0.71,2.27,2000,5,2,Spring
2016-07-28,Manang,28.6,84.2,5.29,61.69,9.58,94.35,6.97,5.61,10.66,4.64,6.02,7.61,1.87,4.19,0.42,3.77,1.88,3.68,0.6,3.08,2016,7,28,Monsoon
2015-05-12,Manang,28.6,84.2,2.69,61.75,6.12,77.08,3.5,-0.63,9.32,-1.91,11.23,3.66,1.6,3.63,0.61,3.02,1.56,2.91,0.81,2.1,2015,5,12,Spring
1993-12-04,Morang,26.5,87.3,0.0,94.44,3.7,27.88,17.59,-1.21,25.15,12.15,13.0,14.84,1.79,2.92,1.04,1.89,2.17,2.59,1.49,1.1,1993,12,4,Winter
1995-05-02,Morang,26.5,87.3,3.19,93.56,6.74,22.77,30.77,6.85,39.36,22.6,16.76,31.07,2.86,5.62,1.09,4.52,3.97,6.68,0.87,5.81,1995,5,2,Spring
1986-09-17,Morang,26.5,87.3,1.68,93.91,17.13,85.29,24.09,21.39,27.51,21.52,5.99,24.25,2.0,3.77,0.62,3.16,2.72,4.31,1.05,3.27,1986,9,17,Autumn
2006-05-17,Morang,26.5,87.3,0.17,93.98,12.42,47.18,28.74,16.3,34.81,22.78,12.03,30.5,2.34,3.61,1.29,2.32,2.83,3.3,2.08,1.22,2006,5,17,Spring
1995-09-14,Morang,26.5,87.3,0.02,93.78,16.66,72.6,26.31,20.95,31.04,22.37,8.67,27.17,1.64,3.39,0.39,2.99,1.93,3.39,0.44,2.95,1995,9,14,Autumn
1990-10-11,Morang,26.5,87.3,0.13,94.37,14.37,78.33,22.69,18.62,27.54,18.91,8.64,22.96,1.58,3.6,0.14,3.46,1.96,3.66,0.32,3.34,1990,10,11,Autumn
1993-06-23,Morang,26.5,87.3,3.89,93.41,16.47,60.37,29.21,20.67,35.13,23.43,11.69,30.92,2.55,4.02,1.06,2.96,3.25,4.14,1.31,2.84,1993,6,23,Monsoon
2000-05-02,Morang,26.5,87.3,2.27,93.79,10.77,47.71,26.1,13.64,33.08,19.47,13.61,27.02,3.38,4.96,1.98,2.97,4.47,5.63,3.19,2.45,2000,5,2,Spring
2016-07-28,Morang,26.5,87.3,5.72,93.68,19.11,89.0,25.14,23.13,28.04,22.51,5.53,25.3,2.16,4.5,0.68,3.83,2.66,4.74,1.02,3.72,2016,7,28,Monsoon
2015-05-12,Morang,26.5,87.3,9.97,93.81,14.99,64.5,26.55,19.18,31.64,21.87,9.77,27.12,2.91,6.18,0.75,5.42,3.71,6.93,1.08,5.85,2015,5,12,Spring
1993-12-04,Mugu,29.5,82.1,0.0,61.74,0.81,16.26,-2.93,-21.03,5.75,-9.28,15.03,-6.11,2.2,6.21,0.34,5.87,2.34,6.25,0.47,5.79,1993,12,4,Winter
1995-05-02,Mugu,29.5,82.1,0.0,61.77,3.41,46.45,2.42,-7.62,9.07,-2.36,11.43,4.2,4.1,9.2,0.4,8.8,4.34,9.3,0.52,8.78,1995,5,2,Spring
1986-09-17,Mugu,29.5,82.1,0.0,61.84,5.09,60.64,4.3,-3.41,13.27,-3.65,16.92,5.38,2.62,5.27,0.36,4.91,2.6,4.49,0.46,4.03,1986,9,17,Autumn
2006-05-17,Mugu,29.5,82.1,2.74,62.0,6.34,65.18,6.45,-0.09,14.54,-0.14,14.68,8.21,2.78,6.57,0.26,6.31,2.73,5.72,0.42,5.3,2006,5,17,Spring
1995-09-14,Mugu,29.5,82.1,0.02,61.81,7.29,73.39,6.7,1.85,13.66,2.09,11.57,9.04,2.76,6.26,0.58,5.68,2.88,5.77,0.93,4.84,1995,9,14,Autumn
1990-10-11,Mugu,29.5,82.1,0.0,61.91,4.64,63.74,2.31,-4.66,9.4,-2.93,12.32,3.83,2.55,5.91,0.8,5.11,2.57,5.4,0.97,4.43,1990,10,11,Autumn
1993-06-23,Mugu,29.5,82.1,0.62,61.78,6.93,54.06,10.47,0.32,18.84,3.17,15.67,13.31,3.29,7.05,0.54,6.51,3.05,5.99,0.79,5.2,1993,6,23,Monsoon
2000-05-02,Mugu,29.5,82.1,0.0,61.82,1.35,16.17,4.25,-17.15,13.24,-3.74,16.98,6.42,2.45,4.94,0.35,4.6,2.64,4.56,0.43,4.13,2000,5,2,Spring
2016-07-28,Mugu,29.5,82.1,4.89,61.76,9.6,83.64,8.79,5.91,13.76,4.56,9.2,10.61,3.06,6.58,0.27,6.3,3.03,6.11,0.32,5.79,2016,7,28,Monsoon
2015-05-12,Mugu,29.5,82.1,0.73,61.85,6.38,77.12,4.09,0.25,10.09,-0.57,10.67,6.12,2.41,5.47,0.37,5.1,2.36,4.81,0.65,4.16,2015,5,12,Spring
1993-12-04,Mustang,28.9,83.8,0.0,63.31,1.16,20.13,-0.57,-18.68,7.73,-6.16,13.9,-5.15,2.12,5.42,0.75,4.67,2.12,5.06,0.87,4.19,1993,12,4,Winter
1995-05-02,Mustang,28.9,83.8,0.0,63.35,2.82,31.7,5.48,-9.74,12.74,-0.22,12.96,7.27,3.44,7.82,0.25,7.58,3.33,7.25,0.12,7.12,1995,5,2,Spring
1986-09-17,Mustang,28.9,83.8,0.01,63.44,5.68,60.49,6.28,-2.4,13.58,1.23,12.34,6.49,2.26,5.19,0.18,5.01,1.92,3.92,0.24,3.68,1986,9,17,Autumn
2006-05-17,Mustang,28.9,83.8,0.78,63.59,6.85,65.8,7.82,0.98,15.03,1.84,13.2,10.13,2.55,5.48,0.7,4.78,2.14,4.0,0.96,3.04,2006,5,17,Spring
1995-09-14,Mustang,28.9,83.8,0.37,63.39,8.36,81.39,7.56,3.54,13.11,3.44,9.67,9.05,2.31,5.29,0.62,4.67,2.19,4.38,0.78,3.6,1995,9,14,Autumn
1990-10-11,Mustang,28.9,83.8,0.0,63.53,5.57,71.75,3.57,-3.06,9.68,-0.52,10.2,4.14,2.08,5.34,0.34,5.0,1.89,4.42,0.45,3.98,1990,10,11,Autumn
1993-06-23,Mustang,28.9,83.8,0.25,63.36,8.12,63.74,10.74,3.33,17.33,4.39,12.95,13.52,2.89,5.67,0.14,5.53,2.38,4.32,0.33,3.99,1993,6,23,Monsoon
2000-05-02,Mustang,28.9,83.8,0.0,63.36,1.84,20.96,5.34,-14.26,12.92,-1.25,14.17,7.42,2.18,4.06,0.34,3.72,2.09,3.26,0.42,2.83,2000,5,2,Spring
2016-07-28,Mustang,28.9,83.8,8.09,63.35,10.35,96.97,8.1,7.02,11.35,5.84,5.51,8.79,2.23,4.66,0.36,4.3,2.15,4.0,0.53,3.47,2016,7,28,Monsoon
2015-05-12,Mustang,28.9,83.8,2.25,63.42,6.42,75.2,4.89,0.31,10.6,-0.54,11.14,5.04,1.77,4.11,0.44,3.67,1.58,3.23,0.52,2.7,2015,5,12,Spring
1993-12-04,Myagdi,28.4,83.6,0.0,79.56,2.08,21.55,10.03,-10.54,17.23,4.68,12.54,5.24,1.77,4.01,0.15,3.86,1.66,3.21,0.05,3.16,1993,12,4,Winter
1995-05-02,Myagdi,28.4,83.6,0.0,79.23,3.54,18.74,20.4,-4.22,28.66,12.85,15.81,21.29,4.01,8.24,1.3,6.94,4.61,8.48,1.49,6.99,1995,5,2,Spring
1986-09-17,Myagdi,28.4,83.6,0.02,79.39,10.02,65.06,17.12,9.64,22.89,12.94,9.95,16.93,2.15,5.05,0.17,4.88,1.98,4.06,0.25,3.81,1986,9,17,Autumn
2006-05-17,Myagdi,28.4,83.6,0.62,79.52,9.94,55.17,19.65,9.98,25.75,14.76,10.99,21.1,2.53,5.29,0.45,4.85,2.29,4.31,0.44,3.88,2006,5,17,Spring
1995-09-14,Myagdi,28.4,83.6,0.43,79.31,13.14,83.76,17.37,14.08,21.46,14.32,7.14,18.0,1.86,4.03,0.28,3.75,1.85,3.3,0.41,2.89,1995,9,14,Autumn
1990-10-11,Myagdi,28.4,83.6,0.0,79.7,10.22,79.33,14.39,9.94,18.69,11.68,7.02,14.36,1.78,4.07,0.24,3.82,1.71,3.4,0.32,3.08,1990,10,11,Autumn
1993-06-23,Myagdi,28.4,83.6,0.27,79.11,11.42,54.98,21.86,12.02,27.36,16.27,11.09,24.0,2.61,5.07,0.27,4.81,2.2,3.99,0.22,3.77,1993,6,23,Monsoon
2000-05-02,Myagdi,28.4,83.6,0.0,79.26,2.43,13.72,19.37,-8.49,27.23,11.94,15.28,20.04,2.98,5.9,0.81,5.09,2.87,4.93,1.02,3.91,2000,5,2,Spring
2016-07-28,Myagdi,28.4,83.6,13.55,79.21,15.23,97.54,17.25,16.42,19.17,15.82,3.35,17.44,2.41,4.45,1.14,3.31,2.74,4.01,1.94,2.07,2016,7,28,Monsoon
2015-05-12,Myagdi,28.4,83.6,2.17,79.37,9.12,58.68,17.27,8.7,23.1,12.05,11.05,17.17,2.74,5.37,0.61,4.75,2.88,4.8,0.78,4.02,2015,5,12,Spring
1993-12-04,Nawalparasi,27.6,84.0,0.0,92.95,2.94,23.52,16.4,-4.38,24.34,10.46,13.88,13.14,1.85,3.18,0.63,2.54,2.24,3.44,0.88,2.56,1993,12,4,Winter
1995-05-02,Nawalparasi,27.6,84.0,0.0,92.1,4.4,14.3,31.21,0.75,40.22,22.53,17.68,31.94,4.88,9.41,1.69,7.72,6.63,10.84,1.92,8.92,1995,5,2,Spring
1986-09-17,Nawalparasi,27.6,84.0,0.22,92.44,13.52,62.18,25.19,17.2,31.28,20.54,10.74,25.47,1.84,3.82,0.29,3.54,2.16,3.76,0.25,3.51,1986,9,17,Autumn
2006-05-17,Nawalparasi,27.6,84.0,0.16,92.48,11.98,43.8,29.14,15.46,35.14,23.8,11.34,30.7,2.32,3.76,0.91,2.85,2.8,3.84,1.04,2.8,2006,5,17,Spring
1995-09-14,Nawalparasi,27.6,84.0,0.29,92.32,16.16,74.65,25.06,20.14,29.74,21.13,8.61,25.62,1.81,3.21,0.78,2.43,2.35,3.42,0.7,2.72,1995,9,14,Autumn
1990-10-11,Nawalparasi,27.6,84.0,0.0,92.9,13.26,72.14,22.48,17.06,27.29,18.8,8.49,22.25,1.58,3.01,0.22,2.8,1.96,3.55,0.31,3.24,1990,10,11,Autumn
1993-06-23,Nawalparasi,27.6,84.0,0.12,91.91,13.46,43.3,31.24,17.13,37.32,25.26,12.06,33.19,2.34,3.5,0.67,2.84,2.74,3.66,1.24,2.42,1993,6,23,Monsoon
2000-05-02,Nawalparasi,27.6,84.0,0.03,92.15,3.28,12.12,28.98,-3.17,37.44,20.58,16.86,29.48,3.21,5.5,1.76,3.74,3.92,5.37,2.41,2.96,2000,5,2,Spring
2016-07-28,Nawalparasi,27.6,84.0,15.98,92.21,19.02,93.78,23.92,22.72,25.96,22.34,3.62,23.95,2.03,3.02,1.2,1.82,2.89,3.5,2.21,1.3,2016,7,28,Monsoon
2015-05-12,Nawalparasi,27.6,84.0,3.7,92.34,11.64,48.57,26.85,14.9,33.32,20.68,12.63,27.33,2.76,4.96,0.66,4.3,3.51,5.2,0.82,4.39,2015,5,12,Spring
1993-12-04,Nuwakot,27.8,85.2,0.0,84.25,2.53,23.74,12.42,-7.65,19.94,7.86,12.07,8.5,1.72,4.05,0.22,3.83,1.71,3.32,0.33,2.98,1993,12,4,Winter
1995-05-02,Nuwakot,27.8,85.2,0.06,83.79,4.08,18.09,24.26,-1.6,32.86,16.39,16.47,24.97,3.87,8.43,0.87,7.56,4.58,9.09,1.14,7.95,1995,5,2,Spring
1986-09-17,Nuwakot,27.8,85.2,0.69,83.96,12.83,76.42,19.36,14.54,24.45,15.44,9.02,19.77,2.15,4.67,0.12,4.55,2.17,3.84,0.21,3.63,1986,9,17,Autumn
2006-05-17,Nuwakot,27.8,85.2,0.25,84.06,11.37,54.64,22.89,12.98,28.6,17.72,10.88,24.81,2.43,4.86,0.76,4.1,2.38,4.32,0.8,3.52,2006,5,17,Spring
1995-09-14,Nuwakot,27.8,85.2,0.12,83.87,13.91,78.07,20.3,15.99,24.93,16.41,8.52,21.1,1.88,4.1,0.29,3.8,1.95,3.38,0.49,2.89,1995,9,14,Autumn
1990-10-11,Nuwakot,27.8,85.2,0.0,84.33,11.11,76.24,17.18,11.97,21.91,13.78,8.13,16.97,1.55,3.57,0.15,3.41,1.59,2.98,0.31,2.67,1990,10,11,Autumn
1993-06-23,Nuwakot,27.8,85.2,0.08,83.6,12.78,55.43,24.49,14.69,30.53,19.02,11.51,26.69,2.3,4.63,0.3,4.33,2.26,4.03,0.43,3.59,1993,6,23,Monsoon
2000-05-02,Nuwakot,27.8,85.2,0.12,83.8,3.88,19.45,22.21,-2.51,29.7,15.72,13.98,22.62,2.86,5.84,1.09,4.74,2.94,5.08,1.75,3.33,2000,5,2,Spring
2016-07-28,Nuwakot,27.8,85.2,7.12,83.78,15.98,94.81,19.36,18.06,21.37,17.77,3.6,19.46,1.27,2.93,0.19,2.74,1.42,2.61,0.24,2.37,2016,7,28,Monsoon
2015-05-12,Nuwakot,27.8,85.2,7.31,83.92,10.67,59.88,20.34,11.85,25.41,15.98,9.43,20.47,2.59,5.46,0.4,5.06,2.74,5.13,0.55,4.58,2015,5,12,Spring
1993-12-04,Okhaldhunga,27.3,86.5,0.0,83.15,2.83,27.36,11.76,-6.61,19.05,6.56,12.49,8.01,1.94,4.49,0.8,3.69,1.93,3.71,1.0,2.7,1993,12,4,Winter
1995-05-02,Okhaldhunga,27.3,86.5,0.02,82.7,4.84,23.9,22.24,0.31,30.66,14.34,16.32,22.72,3.77,7.47,1.13,6.34,4.43,7.9,1.09,6.81,1995,5,2,Spring
1986-09-17,Okhaldhunga,27.3,86.5,0.35,82.86,13.36,84.31,18.22,14.66,22.35,15.07,7.28,18.56,2.39,4.66,0.7,3.96,2.56,4.26,0.83,3.43,1986,9,17,Autumn
2006-05-17,Okhaldhunga,27.3,86.5,0.3,82.98,10.92,56.77,21.39,12.0,26.75,16.48,10.27,23.03,2.44,4.9,0.73,4.18,2.36,4.01,0.84,3.18,2006,5,17,Spring
1995-09-14,Okhaldhunga,27.3,86.5,0.02,82.79,14.0,79.58,19.87,15.67,24.36,16.41,7.95,21.2,2.23,4.62,0.39,4.24,2.24,3.99,0.48,3.5,1995,9,14,Autumn
1990-10-11,Okhaldhunga,27.3,86.5,0.0,83.24,10.25,74.16,16.15,9.89,21.57,12.52,9.04,15.78,2.12,4.82,0.77,4.05,2.17,4.33,0.86,3.48,1990,10,11,Autumn
1993-06-23,Okhaldhunga,27.3,86.5,0.88,82.55,13.71,64.25,22.98,15.46,28.29,18.37,9.92,25.16,2.38,4.56,0.61,3.95,2.26,3.73,0.4,3.33,1993,6,23,Monsoon
2000-05-02,Okhaldhunga,27.3,86.5,0.03,82.75,6.26,36.38,19.58,3.15,26.14,14.08,12.05,20.32,2.58,5.23,1.11,4.11,2.73,4.26,1.97,2.29,2000,5,2,Spring
2016-07-28,Okhaldhunga,27.3,86.5,6.38,82.7,15.87,94.98,19.01,17.6,21.55,17.01,4.54,19.46,2.27,5.1,0.46,4.64,2.42,4.78,0.67,4.11,2016,7,28,Monsoon
2015-05-12,Okhaldhunga,27.3,86.5,5.68,82.79,11.55,69.42,19.0,12.58,24.25,14.03,10.22,19.65,2.89,6.04,0.72,5.32,3.06,5.89,0.77,5.12,2015,5,12,Spring
1993-12-04,Palpa,27.9,83.5,0.0,93.16,3.05,24.8,16.17,-3.94,24.29,10.0,14.28,13.05,1.93,3.12,0.76,2.36,2.42,3.79,1.09,2.71,1993,12,4,Winter
1995-05-02,Palpa,27.9,83.5,0.0,92.31,4.46,14.41,31.33,0.93,40.18,22.49,17.68,32.07,5.2,9.46,2.17,7.29,7.19,11.07,2.55,8.52,1995,5,2,Spring
1986-09-17,Palpa,27.9,83.5,0.09,92.63,13.29,60.42,25.42,16.98,31.75,20.47,11.27,25.65,1.81,3.68,0.33,3.36,2.21,3.83,0.23,3.61,1986,9,17,Autumn
2006-05-17,Palpa,27.9,83.5,0.13,92.68,11.75,42.52,29.35,15.2,35.49,23.9,11.59,30.97,2.37,3.78,0.85,2.93,2.96,3.92,0.96,2.96,2006,5,17,Spring
1995-09-14,Palpa,27.9,83.5,0.34,92.52,16.29,74.98,25.16,20.33,29.76,21.47,8.29,25.69,1.77,3.13,0.75,2.38,2.36,3.41,0.72,2.69,1995,9,14,Autumn
1990-10-11,Palpa,27.9,83.5,0.0,93.11,13.16,71.25,22.6,17.01,27.43,18.9,8.54,22.27,1.59,3.09,0.26,2.83,2.02,3.56,0.37,3.19,1990,10,11,Autumn
1993-06-23,Palpa,27.9,83.5,0.16,92.11,13.48,42.94,31.46,17.21,37.44,25.41,12.03,33.38,2.29,3.36,0.34,3.02,2.67,3.7,0.62,3.08,1993,6,23,Monsoon
2000-05-02,Palpa,27.9,83.5,0.01,92.34,2.98,10.85,29.26,-4.2,37.79,20.73,17.05,29.8,3.14,5.29,1.59,3.69,3.89,5.18,2.19,2.99,2000,5,2,Spring
2016-07-28,Palpa,27.9,83.5,19.07,92.4,19.15,93.65,24.09,22.9,26.32,22.48,3.85,24.18,2.14,3.18,1.28,1.9,3.05,3.53,2.41,1.13,2016,7,28,Monsoon
2015-05-12,Palpa,27.9,83.5,2.78,92.54,11.42,46.91,27.14,14.65,33.79,20.76,13.03,27.77,2.87,4.95,0.78,4.17,3.73,5.28,0.78,4.5,2015,5,12,Spring
1993-12-04,Panchther,27.1,87.8,0.0,80.29,3.03,31.0,10.36,-6.44,17.59,5.75,11.84,6.54,1.83,4.06,0.33,3.73,1.76,3.15,0.33,2.82,1993,12,4,Winter
1995-05-02,Panchther,27.1,87.8,3.58,79.97,5.64,33.32,18.77,1.77,26.37,10.38,15.99,18.89,2.77,5.41,0.19,5.22,2.86,5.24,0.07,5.17,1995,5,2,Spring
1986-09-17,Panchther,27.1,87.8,1.77,80.08,13.58,89.69,16.96,14.61,20.82,14.37,6.45,17.6,2.1,4.36,0.1,4.26,2.18,3.76,0.14,3.62,1986,9,17,Autumn
2006-05-17,Panchther,27.1,87.8,0.46,80.22,10.62,62.06,18.96,11.07,24.54,13.97,10.58,20.35,2.4,4.8,0.45,4.35,2.22,3.79,0.79,3.0,2006,5,17,Spring
1995-09-14,Panchther,27.1,87.8,0.0,80.02,13.53,83.39,18.04,14.67,22.36,14.91,7.44,19.13,2.23,4.59,0.46,4.14,2.14,3.98,0.3,3.68,1995,9,14,Autumn
1990-10-11,Panchther,27.1,87.8,0.07,80.39,11.03,84.17,14.78,11.1,19.71,11.36,8.35,14.91,1.78,4.42,0.19,4.23,1.76,3.72,0.34,3.38,1990,10,11,Autumn
1993-06-23,Panchther,27.1,87.8,5.42,79.81,14.34,76.58,20.29,15.59,24.91,16.17,8.74,21.65,2.12,4.24,0.29,3.94,1.98,3.38,0.48,2.9,1993,6,23,Monsoon
2000-05-02,Panchther,27.1,87.8,1.6,80.01,8.04,54.82,16.48,6.04,22.96,11.58,11.38,17.23,2.36,4.9,0.85,4.05,2.38,3.91,1.11,2.8,2000,5,2,Spring
2016-07-28,Panchther,27.1,87.8,6.92,79.95,15.08,92.75,18.04,16.31,21.69,15.01,6.68,18.58,2.38,5.59,0.43,5.15,2.38,5.3,0.55,4.75,2016,7,28,Monsoon
2015-05-12,Panchther,27.1,87.8,5.13,80.01,12.06,78.41,17.21,12.8,22.19,13.29,8.9,18.18,2.65,5.95,0.1,5.85,2.85,5.83,0.13,5.69,2015,5,12,Spring
1993-12-04,Parbat,28.2,83.7,0.0,79.56,2.08,21.55,10.03,-10.54,17.23,4.68,12.54,5.24,1.77,4.01,0.15,3.86,1.66,3.21,0.05,3.16,1993,12,4,Winter
1995-05-02,Parbat,28.2,83.7,0.0,79.23,3.54,18.74,20.4,-4.22,28.66,12.85,15.81,21.29,4.01,8.24,1.3,6.94,4.61,8.48,1.49,6.99,1995,5,2,Spring
1986-09-17,Parbat,28.2,83.7,0.02,79.39,10.02,65.06,17.12,9.64,22.89,12.94,9.95,16.93,2.15,5.05,0.17,4.88,1.98,4.06,0.25,3.81,1986,9,17,Autumn
2006-05-17,Parbat,28.2,83.7,0.62,79.52,9.94,55.17,19.65,9.98,25.75,14.76,10.99,21.1,2.53,5.29,0.45,4.85,2.29,4.31,0.44,3.88,2006,5,17,Spring
1995-09-14,Parbat,28.2,83.7,0.43,79.31,13.14,83.76,17.37,14.08,21.46,14.32,7.14,18.0,1.86,4.03,0.28,3.75,1.85,3.3,0.41,2.89,1995,9,14,Autumn
1990-10-11,Parbat,28.2,83.7,0.0,79.7,10.22,79.33,14.39,9.94,18.69,11.68,7.02,14.36,1.78,4.07,0.24,3.82,1.71,3.4,0.32,3.08,1990,10,11,Autumn
1993-06-23,Parbat,28.2,83.7,0.27,79.11,11.42,54.98,21.86,12.02,27.36,16.27,11.09,24.0,2.61,5.07,0.27,4.81,2.2,3.99,0.22,3.77,1993,6,23,Monsoon
2000-05-02,Parbat,28.2,83.7,0.0,79.26,2.43,13.72,19.37,-8.49,27.23,11.94,15.28,20.04,2.98,5.9,0.81,5.09,2.87,4.93,1.02,3.91,2000,5,2,Spring
2016-07-28,Parbat,28.2,83.7,13.55,79.21,15.23,97.54,17.25,16.42,19.17,15.82,3.35,17.44,2.41,4.45,1.14,3.31,2.74,4.01,1.94,2.07,2016,7,28,Monsoon
2015-05-12,Parbat,28.2,83.7,2.17,79.37,9.12,58.68,17.27,8.7,23.1,12.05,11.05,17.17,2.74,5.37,0.61,4.75,2.88,4.8,0.78,4.02,2015,5,12,Spring
1993-12-04,Rasuwa,28.1,85.3,0.0,68.9,1.52,21.77,3.22,-15.46,11.57,-2.45,14.02,-0.61,1.99,5.24,0.18,5.06,1.84,4.47,0.15,4.32,1993,12,4,Winter
1995-05-02,Rasuwa,28.1,85.3,0.05,68.85,3.23,28.4,10.33,-7.07,17.69,3.32,14.38,11.98,3.76,8.29,0.31,7.98,3.75,7.92,0.42,7.5,1995,5,2,Spring
1986-09-17,Rasuwa,28.1,85.3,0.05,68.9,8.63,75.02,10.46,4.9,16.82,5.7,11.12,11.49,2.31,5.62,0.17,5.45,1.99,4.2,0.25,3.95,1986,9,17,Autumn
2006-05-17,Rasuwa,28.1,85.3,0.24,69.04,8.67,68.16,12.0,5.56,17.74,6.74,11.0,14.64,2.68,5.38,0.16,5.22,2.25,4.21,0.18,4.04,2006,5,17,Spring
1995-09-14,Rasuwa,28.1,85.3,0.13,68.84,10.17,83.87,11.22,7.8,16.23,7.65,8.58,12.96,2.31,5.27,0.08,5.2,2.08,4.09,0.02,4.07,1995,9,14,Autumn
1990-10-11,Rasuwa,28.1,85.3,0.0,69.09,6.68,73.52,7.03,0.83,12.87,3.37,9.5,7.19,1.89,5.11,0.25,4.85,1.64,4.05,0.27,3.79,1990,10,11,Autumn
1993-06-23,Rasuwa,28.1,85.3,0.02,68.74,9.84,66.21,14.31,7.53,20.29,9.03,11.26,16.86,2.88,5.7,0.15,5.55,2.36,4.49,0.13,4.36,1993,6,23,Monsoon
2000-05-02,Rasuwa,28.1,85.3,0.0,68.79,2.72,25.01,9.66,-9.51,17.06,3.94,13.12,11.14,2.45,5.35,0.15,5.2,2.23,4.18,0.16,4.02,2000,5,2,Spring
2016-07-28,Rasuwa,28.1,85.3,6.4,68.79,11.27,94.27,10.99,9.35,13.71,8.85,4.86,11.87,1.49,3.49,0.26,3.22,1.33,2.64,0.13,2.51,2016,7,28,Monsoon
2015-05-12,Rasuwa,28.1,85.3,5.59,68.86,7.72,72.02,9.41,3.84,14.92,4.5,10.42,10.54,2.33,5.01,0.3,4.71,2.08,3.93,0.4,3.53,2015,5,12,Spring
1993-12-04,Routahat,26.8,85.3,0.0,99.47,3.94,28.78,18.88,0.32,27.45,12.43,15.02,16.79,1.25,2.33,0.22,2.11,1.77,3.94,0.37,3.58,1993,12,4,Winter
1995-05-02,Routahat,26.8,85.3,0.17,98.33,5.5,14.57,36.02,4.83,45.3,26.62,18.68,37.22,4.91,8.36,1.53,6.82,7.42,10.1,2.13,7.97,1995,5,2,Spring
1986-09-17,Routahat,26.8,85.3,3.56,98.79,17.26,76.02,27.01,22.4,32.08,22.74,9.34,27.12,1.98,2.93,0.79,2.14,2.83,3.68,1.41,2.27,1986,9,17,Autumn
2006-05-17,Routahat,26.8,85.3,0.01,98.74,13.31,40.23,33.63,18.22,39.5,26.75,12.75,35.8,2.15,3.21,0.58,2.63,3.01,5.47,0.89,4.58,2006,5,17,Spring
1995-09-14,Routahat,26.8,85.3,0.26,98.62,18.18,71.51,28.91,23.22,33.33,24.79,8.54,29.24,1.25,2.22,0.26,1.96,1.69,2.95,0.26,2.69,1995,9,14,Autumn
1990-10-11,Routahat,26.8,85.3,0.0,99.3,14.7,69.36,25.95,19.92,31.17,21.54,9.63,26.05,1.42,2.44,0.72,1.72,2.09,3.97,0.95,3.02,1990,10,11,Autumn
1993-06-23,Routahat,26.8,85.3,0.73,98.12,15.16,41.39,35.32,20.14,41.87,28.53,13.34,38.39,3.91,6.07,2.61,3.46,4.98,8.01,2.78,5.22,1993,6,23,Monsoon
2000-05-02,Routahat,26.8,85.3,0.8,98.46,6.71,22.21,32.01,7.08,40.53,22.95,17.57,32.73,4.33,7.03,0.99,6.03,5.95,8.54,1.34,7.21,2000,5,2,Spring
2016-07-28,Routahat,26.8,85.3,9.22,98.51,20.57,88.74,27.28,25.27,29.52,25.35,4.17,27.2,2.51,3.5,0.8,2.7,3.58,5.53,1.32,4.21,2016,7,28,Monsoon
2015-05-12,Routahat,26.8,85.3,8.82,98.64,14.13,48.3,31.41,19.07,37.47,25.96,11.51,32.22,3.09,4.77,0.94,3.83,4.23,6.43,1.38,5.05,2015,5,12,Spring
1993-12-04,Rukum,28.6,82.4,0.0,75.0,1.6,18.59,7.46,-13.62,15.53,1.75,13.78,2.9,1.98,4.38,0.61,3.77,2.0,3.7,0.66,3.04,1993,12,4,Winter
1995-05-02,Rukum,28.6,82.4,0.0,74.9,3.85,26.16,15.56,-3.82,23.45,9.12,14.33,16.27,3.51,7.46,0.99,6.46,3.86,7.5,1.3,6.21,1995,5,2,Spring
1986-09-17,Rukum,28.6,82.4,0.0,74.93,8.66,68.65,13.03,6.42,19.45,7.8,11.66,12.42,2.2,4.31,0.82,3.48,2.14,3.43,1.13,2.3,1986,9,17,Autumn
2006-05-17,Rukum,28.6,82.4,1.87,75.08,9.13,60.42,15.92,7.88,22.44,9.7,12.74,16.8,2.43,5.6,0.53,5.06,2.24,4.5,0.66,3.84,2006,5,17,Spring
1995-09-14,Rukum,28.6,82.4,0.15,74.86,11.62,80.03,15.21,11.38,20.38,11.18,9.19,16.41,1.9,4.41,0.23,4.18,1.81,3.5,0.32,3.18,1995,9,14,Autumn
1990-10-11,Rukum,28.6,82.4,0.0,75.17,8.48,75.55,11.27,6.16,16.5,6.75,9.74,11.2,1.68,3.94,0.29,3.66,1.54,3.13,0.36,2.76,1990,10,11,Autumn
1993-06-23,Rukum,28.6,82.4,3.55,74.7,10.93,59.63,18.91,10.57,24.56,13.76,10.8,21.2,2.57,5.28,0.16,5.12,2.23,4.07,0.2,3.87,1993,6,23,Monsoon
2000-05-02,Rukum,28.6,82.4,0.0,74.84,1.86,12.24,16.22,-11.77,25.09,7.63,17.46,16.74,3.01,6.77,0.4,6.37,2.92,5.98,0.5,5.48,2000,5,2,Spring
2016-07-28,Rukum,28.6,82.4,10.26,74.73,13.84,92.24,15.68,14.18,18.82,13.44,5.38,16.42,2.38,5.03,0.46,4.57,2.46,4.52,0.8,3.72,2016,7,28,Monsoon
2015-05-12,Rukum,28.6,82.4,4.18,74.96,8.16,60.32,14.26,6.42,20.17,8.84,11.33,14.62,2.64,4.88,1.1,3.78,2.68,4.17,1.4,2.77,2015,5,12,Spring
1993-12-04,Rupandehi,27.5,83.4,0.0,93.33,3.08,25.03,16.21,-3.81,24.34,10.12,14.21,13.06,1.95,3.18,0.7,2.49,2.47,3.88,0.98,2.9,1993,12,4,Winter
1995-05-02,Rupandehi,27.5,83.4,0.0,92.48,4.52,14.57,31.38,1.13,40.21,22.59,17.6,32.14,5.3,9.46,2.31,7.15,7.36,11.08,3.04,8.04,1995,5,2,Spring
1986-09-17,Rupandehi,27.5,83.4,0.07,92.8,13.17,60.01,25.41,16.89,31.83,20.4,11.42,25.6,1.94,3.72,0.27,3.45,2.49,3.98,0.27,3.71,1986,9,17,Autumn
2006-05-17,Rupandehi,27.5,83.4,0.12,92.84,11.65,41.86,29.5,15.1,35.68,23.86,11.82,31.19,2.4,3.78,0.98,2.8,3.0,3.91,1.11,2.8,2006,5,17,Spring
1995-09-14,Rupandehi,27.5,83.4,0.31,92.69,16.34,74.75,25.3,20.41,29.87,21.7,8.17,25.81,1.77,3.2,0.58,2.62,2.36,3.5,0.55,2.95,1995,9,14,Autumn
1990-10-11,Rupandehi,27.5,83.4,0.0,93.28,12.95,69.79,22.7,16.78,27.6,18.87,8.75,22.29,1.63,3.13,0.32,2.81,2.08,3.55,0.47,3.08,1990,10,11,Autumn
1993-06-23,Rupandehi,27.5,83.4,0.35,92.27,13.43,42.45,31.63,17.18,37.6,25.57,12.03,33.58,2.33,3.49,0.39,3.1,2.73,4.01,0.6,3.4,1993,6,23,Monsoon
2000-05-02,Rupandehi,27.5,83.4,0.01,92.49,2.8,10.08,29.5,-4.92,38.06,21.07,16.98,30.05,3.06,5.05,1.44,3.6,3.8,5.13,2.0,3.13,2000,5,2,Spring
2016-07-28,Rupandehi,27.5,83.4,20.08,92.56,19.19,93.62,24.16,22.97,26.36,22.53,3.84,24.28,2.18,3.26,1.25,2.01,3.1,3.92,2.34,1.59,2016,7,28,Monsoon
2015-05-12,Rupandehi,27.5,83.4,2.88,92.7,11.24,45.63,27.38,14.43,34.0,21.1,12.91,28.02,2.9,4.89,0.85,4.05,3.79,5.24,0.85,4.39,2015,5,12,Spring
1993-12-04,Salyan,28.4,82.1,0.0,89.47,2.46,21.13,14.67,-6.97,22.42,9.75,12.67,10.82,1.94,3.82,0.34,3.48,2.22,3.53,0.31,3.22,1993,12,4,Winter
1995-05-02,Salyan,28.4,82.1,0.0,88.91,4.68,18.03,27.61,1.13,36.34,19.12,17.22,28.43,4.66,8.18,2.36,5.82,6.13,9.23,3.65,5.58,1995,5,2,Spring
1986-09-17,Salyan,28.4,82.1,0.01,89.08,11.99,63.15,22.33,14.82,27.98,17.98,10.01,21.64,2.49,4.17,1.3,2.87,3.1,4.29,1.76,2.53,1986,9,17,Autumn
2006-05-17,Salyan,28.4,82.1,1.04,89.14,11.27,46.47,26.44,13.96,32.7,20.01,12.69,27.94,2.57,4.5,1.15,3.34,3.03,4.07,1.3,2.76,2006,5,17,Spring
1995-09-14,Salyan,28.4,82.1,0.12,88.96,15.52,76.56,23.36,18.88,27.72,20.16,7.56,24.05,1.84,3.52,0.62,2.91,2.16,3.45,0.77,2.69,1995,9,14,Autumn
1990-10-11,Salyan,28.4,82.1,0.0,89.49,11.59,68.56,20.52,14.42,25.06,16.83,8.22,19.83,1.57,3.18,0.18,3.0,1.8,3.05,0.32,2.73,1990,10,11,Autumn
1993-06-23,Salyan,28.4,82.1,4.78,88.58,12.87,44.24,29.44,15.84,34.67,24.22,10.45,31.08,2.17,3.54,0.63,2.91,2.34,3.26,0.93,2.33,1993,6,23,Monsoon
2000-05-02,Salyan,28.4,82.1,0.0,88.8,2.02,7.57,28.08,-8.72,36.49,19.69,16.8,27.95,2.8,5.36,0.3,5.06,3.17,5.18,0.46,4.72,2000,5,2,Spring
2016-07-28,Salyan,28.4,82.1,16.64,88.79,17.9,91.81,22.66,21.14,25.37,20.73,4.64,23.06,2.6,4.36,1.24,3.12,3.45,4.57,2.33,2.24,2016,7,28,Monsoon
2015-05-12,Salyan,28.4,82.1,5.52,89.02,9.81,42.73,25.51,11.78,31.66,20.07,11.58,25.88,2.73,4.48,1.17,3.31,3.29,4.35,1.43,2.93,2015,5,12,Spring
1993-12-04,Sankhuwasabha,27.3,87.3,0.0,82.26,2.86,28.06,11.36,-6.54,18.84,6.11,12.73,7.89,1.93,4.45,0.27,4.18,1.84,3.48,0.25,3.23,1993,12,4,Winter
1995-05-02,Sankhuwasabha,27.3,87.3,1.61,81.86,5.44,28.83,20.91,1.65,28.94,12.4,16.55,21.26,3.09,6.38,0.73,5.65,3.34,6.34,1.28,5.06,1995,5,2,Spring
1986-09-17,Sankhuwasabha,27.3,87.3,0.94,82.01,13.69,86.92,17.96,15.08,21.87,15.18,6.68,18.57,2.18,4.59,0.21,4.38,2.22,3.97,0.24,3.73,1986,9,17,Autumn
2006-05-17,Sankhuwasabha,27.3,87.3,0.36,82.15,10.95,59.01,20.65,11.96,26.18,15.52,10.67,22.38,2.52,5.02,0.59,4.44,2.36,3.95,0.79,3.15,2006,5,17,Spring
1995-09-14,Sankhuwasabha,27.3,87.3,0.0,81.94,13.93,80.79,19.38,15.55,23.88,16.03,7.85,20.8,2.28,4.77,0.28,4.49,2.18,4.03,0.31,3.72,1995,9,14,Autumn
1990-10-11,Sankhuwasabha,27.3,87.3,0.02,82.35,10.91,79.71,15.84,11.13,21.0,12.27,8.73,16.01,1.88,4.68,0.37,4.32,1.81,3.97,0.44,3.53,1990,10,11,Autumn
1993-06-23,Sankhuwasabha,27.3,87.3,3.02,81.72,14.25,70.42,21.94,15.95,26.96,17.6,9.36,23.8,2.21,4.51,0.26,4.25,2.0,3.53,0.4,3.13,1993,6,23,Monsoon
2000-05-02,Sankhuwasabha,27.3,87.3,0.56,81.93,7.37,45.26,18.52,5.24,25.18,13.06,12.13,19.49,2.58,5.4,1.07,4.32,2.6,4.32,1.53,2.8,2000,5,2,Spring
2016-07-28,Sankhuwasabha,27.3,87.3,6.58,81.87,15.58,93.02,18.89,17.26,22.17,16.33,5.84,19.49,2.35,5.57,0.53,5.04,2.37,5.2,0.7,4.5,2016,7,28,Monsoon
2015-05-12,Sankhuwasabha,27.3,87.3,5.82,81.95,12.05,73.66,18.56,13.19,23.66,14.16,9.5,19.51,2.69,6.19,0.04,6.15,2.79,5.91,0.16,5.75,2015,5,12,Spring
1993-12-04,Saptari,26.6,86.8,0.0,95.51,3.84,28.89,17.77,-0.63,25.41,12.72,12.69,14.99,1.77,3.02,0.94,2.08,2.15,2.76,1.35,1.42,1993,12,4,Winter
1995-05-02,Saptari,26.6,86.8,0.3,94.57,5.97,18.75,32.24,5.35,41.25,24.32,16.93,32.85,3.79,7.23,0.99,6.24,5.47,8.65,0.84,7.81,1995,5,2,Spring
1986-09-17,Saptari,26.6,86.8,0.55,94.94,16.94,81.86,24.78,21.38,28.71,21.83,6.88,24.95,2.22,4.01,0.67,3.34,3.03,4.59,1.23,3.36,1986,9,17,Autumn
2006-05-17,Saptari,26.6,86.8,0.17,94.98,12.5,44.87,29.91,16.58,35.8,23.75,12.05,31.82,2.39,3.58,1.29,2.3,2.94,3.6,2.03,1.57,2006,5,17,Spring
1995-09-14,Saptari,26.6,86.8,0.05,94.8,16.89,71.11,27.08,21.35,31.82,23.11,8.71,28.02,1.73,3.45,0.18,3.28,2.09,3.54,0.28,3.27,1995,9,14,Autumn
1990-10-11,Saptari,26.6,86.8,0.03,95.43,14.14,74.06,23.55,18.49,28.61,19.5,9.11,23.78,1.61,3.84,0.03,3.81,2.05,4.0,0.25,3.75,1990,10,11,Autumn
1993-06-23,Saptari,26.6,86.8,1.3,94.41,15.78,53.07,30.91,20.18,37.21,24.93,12.27,33.15,2.92,4.27,1.75,2.52,3.63,4.74,2.05,2.69,1993,6,23,Monsoon
2000-05-02,Saptari,26.6,86.8,0.49,94.77,9.37,38.49,27.57,11.59,34.98,20.4,14.57,28.61,3.69,5.45,2.1,3.35,4.96,6.23,3.18,3.05,2000,5,2,Spring
2016-07-28,Saptari,26.6,86.8,5.43,94.7,19.43,89.68,25.47,23.59,27.92,23.13,4.79,25.6,2.25,4.06,0.56,3.5,2.94,4.27,0.87,3.4,2016,7,28,Monsoon
2015-05-12,Saptari,26.6,86.8,9.52,94.83,14.7,60.5,27.5,19.02,32.88,22.44,10.44,28.09,2.99,5.85,0.85,5.0,3.91,6.62,1.14,5.48,2015,5,12,Spring
1993-12-04,Sarlahi,26.9,85.5,0.0,95.38,3.6,27.58,17.36,-1.56,25.49,11.68,13.82,14.68,1.42,2.72,0.16,2.56,1.84,3.52,0.26,3.26,1993,12,4,Winter
1995-05-02,Sarlahi,26.9,85.5,0.14,94.44,5.11,15.34,33.03,3.15,42.12,24.22,17.9,33.96,4.62,8.42,1.53,6.88,6.63,9.86,2.0,7.86,1995,5,2,Spring
1986-09-17,Sarlahi,26.9,85.5,2.82,94.82,16.23,77.37,24.95,20.6,29.77,20.96,8.8,25.06,2.09,3.38,0.84,2.54,2.76,3.81,1.4,2.41,1986,9,17,Autumn
2006-05-17,Sarlahi,26.9,85.5,0.06,94.82,12.84,44.09,30.72,16.95,36.52,24.58,11.95,32.79,2.17,3.54,0.7,2.85,2.75,4.54,1.03,3.5,2006,5,17,Spring
1995-09-14,Sarlahi,26.9,85.5,0.18,94.67,17.05,73.15,26.7,21.4,31.16,22.8,8.36,27.12,1.5,2.82,0.29,2.54,1.86,3.13,0.4,2.72,1995,9,14,Autumn
1990-10-11,Sarlahi,26.9,85.5,0.0,95.3,13.86,71.48,23.75,18.07,28.82,19.66,9.16,23.78,1.52,2.88,0.64,2.25,2.02,3.59,0.88,2.72,1990,10,11,Autumn
1993-06-23,Sarlahi,26.9,85.5,0.52,94.24,14.77,46.42,32.2,19.04,38.54,25.92,12.62,35.04,3.08,4.74,1.97,2.78,3.79,5.68,2.12,3.54,1993,6,23,Monsoon
2000-05-02,Sarlahi,26.9,85.5,0.6,94.56,6.08,22.28,29.42,4.99,37.35,21.62,15.73,29.94,3.7,6.03,1.27,4.76,4.88,6.64,1.67,4.97,2000,5,2,Spring
2016-07-28,Sarlahi,26.9,85.5,7.98,94.56,19.44,90.58,25.26,23.54,27.53,23.39,4.14,25.26,2.27,3.55,0.8,2.76,3.12,4.6,1.29,3.3,2016,7,28,Monsoon
2015-05-12,Sarlahi,26.9,85.5,7.77,94.7,13.28,52.18,28.3,17.32,33.99,23.4,10.6,28.82,2.94,5.26,0.78,4.48,3.85,6.24,1.12,5.12,2015,5,12,Spring
1993-12-04,Sindhuli,27.2,85.9,0.0,91.3,3.25,26.39,15.85,-3.44,23.54,10.94,12.61,12.58,1.6,3.1,0.09,3.01,1.91,3.1,0.16,2.94,1993,12,4,Winter
1995-05-02,Sindhuli,27.2,85.9,0.1,90.56,4.72,16.12,30.04,1.47,38.95,21.83,17.12,30.7,4.34,8.48,1.53,6.95,5.84,9.63,1.87,7.76,1995,5,2,Spring
1986-09-17,Sindhuli,27.2,85.9,2.08,90.85,15.19,78.72,22.89,18.81,27.46,19.19,8.27,23.0,2.21,3.84,0.9,2.93,2.68,3.94,1.4,2.54,1986,9,17,Autumn
2006-05-17,Sindhuli,27.2,85.9,0.11,90.9,12.37,47.95,27.82,15.68,33.55,22.4,11.15,29.78,2.2,3.88,0.81,3.07,2.49,3.61,1.18,2.42,2006,5,17,Spring
1995-09-14,Sindhuli,27.2,85.9,0.1,90.72,15.91,74.79,24.49,19.57,28.98,20.8,8.19,25.01,1.75,3.43,0.32,3.11,2.02,3.31,0.55,2.76,1995,9,14,Autumn
1990-10-11,Sindhuli,27.2,85.9,0.0,91.29,13.01,73.61,21.55,16.22,26.46,17.78,8.68,21.52,1.63,3.33,0.56,2.78,1.95,3.21,0.8,2.41,1990,10,11,Autumn
1993-06-23,Sindhuli,27.2,85.9,0.31,90.37,14.38,51.45,29.08,17.93,35.21,23.31,11.9,31.69,2.26,3.42,1.33,2.09,2.6,3.34,1.47,1.86,1993,6,23,Monsoon
2000-05-02,Sindhuli,27.2,85.9,0.41,90.65,5.44,22.35,26.84,2.89,34.17,20.29,13.88,27.14,3.07,5.03,1.55,3.48,3.82,4.74,2.0,2.74,2000,5,2,Spring
2016-07-28,Sindhuli,27.2,85.9,6.74,90.62,18.31,92.43,23.25,21.81,25.54,21.43,4.11,23.32,2.03,3.6,0.79,2.81,2.65,3.67,1.26,2.4,2016,7,28,Monsoon
2015-05-12,Sindhuli,27.2,85.9,6.72,90.77,12.42,56.06,25.2,15.58,30.52,20.83,9.69,25.42,2.8,5.75,0.62,5.13,3.47,6.04,0.86,5.18,2015,5,12,Spring
1993-12-04,Solukhumbu,28.0,86.8,0.0,56.32,0.97,21.94,-5.72,-20.9,3.63,-12.01,15.64,-8.96,2.83,6.71,1.29,5.41,3.34,7.43,1.51,5.92,1993,12,4,Winter
1995-05-02,Solukhumbu,28.0,86.8,0.05,56.38,2.61,44.57,-1.94,-11.83,5.33,-7.86,13.19,0.49,4.94,9.83,1.26,8.57,5.46,9.93,1.85,8.08,1995,5,2,Spring
1986-09-17,Solukhumbu,28.0,86.8,0.11,56.46,4.83,59.88,2.46,-5.03,10.46,-5.06,15.52,3.68,2.22,4.14,0.99,3.15,2.39,3.79,1.31,2.48,1986,9,17,Autumn
2006-05-17,Solukhumbu,28.0,86.8,0.11,56.6,4.9,57.83,3.19,-4.77,9.46,-3.01,12.46,6.38,1.85,3.03,0.45,2.59,1.76,3.22,0.6,2.62,2006,5,17,Spring
1995-09-14,Solukhumbu,28.0,86.8,0.0,56.44,6.28,72.67,3.42,-1.23,9.51,-1.81,11.32,5.28,2.54,5.02,0.55,4.47,2.82,4.85,0.7,4.14,1995,9,14,Autumn
1990-10-11,Solukhumbu,28.0,86.8,0.0,56.52,2.54,43.98,-2.1,-12.32,5.94,-7.33,13.27,-2.47,2.71,6.95,0.41,6.54,3.11,7.27,0.69,6.59,1990,10,11,Autumn
1993-06-23,Solukhumbu,28.0,86.8,0.16,56.47,6.9,63.82,6.63,-0.09,12.23,1.73,10.5,10.0,2.88,3.8,1.36,2.44,3.0,4.3,1.88,2.42,1993,6,23,Monsoon
2000-05-02,Solukhumbu,28.0,86.8,0.04,56.32,1.99,32.17,-1.24,-14.85,4.53,-5.53,10.06,1.63,2.4,3.64,1.0,2.64,3.09,4.99,1.43,3.56,2000,5,2,Spring
2016-07-28,Solukhumbu,28.0,86.8,10.15,56.44,7.82,83.55,4.53,1.84,9.86,0.61,9.26,6.19,2.0,4.15,0.9,3.25,2.04,3.86,0.86,3.01,2016,7,28,Monsoon
2015-05-12,Solukhumbu,28.0,86.8,1.22,56.36,4.69,61.08,1.75,-5.14,8.63,-4.77,13.4,4.75,2.34,4.05,0.67,3.39,2.55,3.76,0.75,3.01,2015,5,12,Spring
1993-12-04,Sunsari,26.6,87.1,0.0,94.44,3.7,27.88,17.59,-1.21,25.15,12.15,13.0,14.84,1.79,2.92,1.04,1.89,2.17,2.59,1.49,1.1,1993,12,4,Winter
1995-05-02,Sunsari,26.6,87.1,3.19,93.56,6.74,22.77,30.77,6.85,39.36,22.6,16.76,31.07,2.86,5.62,1.09,4.52,3.97,6.68,0.87,5.81,1995,5,2,Spring
1986-09-17,Sunsari,26.6,87.1,1.68,93.91,17.13,85.29,24.09,21.39,27.51,21.52,5.99,24.25,2.0,3.77,0.62,3.16,2.72,4.31,1.05,3.27,1986,9,17,Autumn
2006-05-17,Sunsari,26.6,87.1,0.17,93.98,12.42,47.18,28.74,16.3,34.81,22.78,12.03,30.5,2.34,3.61,1.29,2.32,2.83,3.3,2.08,1.22,2006,5,17,Spring
1995-09-14,Sunsari,26.6,87.1,0.02,93.78,16.66,72.6,26.31,20.95,31.04,22.37,8.67,27.17,1.64,3.39,0.39,2.99,1.93,3.39,0.44,2.95,1995,9,14,Autumn
1990-10-11,Sunsari,26.6,87.1,0.13,94.37,14.37,78.33,22.69,18.62,27.54,18.91,8.64,22.96,1.58,3.6,0.14,3.46,1.96,3.66,0.32,3.34,1990,10,11,Autumn
1993-06-23,Sunsari,26.6,87.1,3.89,93.41,16.47,60.37,29.21,20.67,35.13,23.43,11.69,30.92,2.55,4.02,1.06,2.96,3.25,4.14,1.31,2.84,1993,6,23,Monsoon
2000-05-02,Sunsari,26.6,87.1,2.27,93.79,10.77,47.71,26.1,13.64,33.08,19.47,13.61,27.02,3.38,4.96,1.98,2.97,4.47,5.63,3.19,2.45,2000,5,2,Spring
2016-07-28,Sunsari,26.6,87.1,5.72,93.68,19.11,89.0,25.14,23.13,28.04,22.51,5.53,25.3,2.16,4.5,0.68,3.83,2.66,4.74,1.02,3.72,2016,7,28,Monsoon
2015-05-12,Sunsari,26.6,87.1,9.97,93.81,14.99,64.5,26.55,19.18,31.64,21.87,9.77,27.12,2.91,6.18,0.75,5.42,3.71,6.93,1.08,5.85,2015,5,12,Spring
1993-12-04,Surkhet,28.5,81.7,0.0,88.76,2.01,17.36,14.52,-9.18,22.99,8.76,14.23,11.14,2.16,3.98,0.53,3.45,2.49,3.64,0.58,3.06,1993,12,4,Winter
1995-05-02,Surkhet,28.5,81.7,0.0,88.24,4.87,19.62,26.82,1.55,35.32,18.34,16.97,27.33,3.7,7.2,1.58,5.62,4.59,8.07,2.27,5.79,1995,5,2,Spring
1986-09-17,Surkhet,28.5,81.7,0.0,88.39,11.53,61.19,22.16,14.12,27.6,17.13,10.46,21.22,2.16,3.92,0.8,3.12,2.58,3.96,1.08,2.88,1986,9,17,Autumn
2006-05-17,Surkhet,28.5,81.7,2.45,88.46,11.66,49.92,25.72,14.36,31.44,19.37,12.07,26.88,2.28,4.65,0.7,3.96,2.64,4.34,1.06,3.27,2006,5,17,Spring
1995-09-14,Surkhet,28.5,81.7,0.2,88.26,15.28,74.63,23.39,18.49,28.3,19.85,8.45,24.16,1.81,4.16,0.21,3.96,2.05,3.96,0.27,3.7,1995,9,14,Autumn
1990-10-11,Surkhet,28.5,81.7,0.0,88.78,11.36,67.19,20.48,14.0,25.0,17.13,7.88,19.99,1.66,3.62,0.32,3.3,1.88,3.57,0.4,3.18,1990,10,11,Autumn
1993-06-23,Surkhet,28.5,81.7,4.97,87.9,13.04,45.96,28.94,15.91,34.45,23.82,10.62,30.12,2.16,3.99,0.36,3.62,2.35,3.72,0.52,3.2,1993,6,23,Monsoon
2000-05-02,Surkhet,28.5,81.7,0.0,88.1,2.19,8.52,27.38,-8.02,36.2,17.66,18.54,27.33,2.92,5.3,0.67,4.62,3.3,5.06,0.87,4.19,2000,5,2,Spring
2016-07-28,Surkhet,28.5,81.7,9.39,88.06,17.71,90.54,22.55,20.82,25.49,20.46,5.04,22.84,2.28,3.86,0.82,3.04,3.07,4.19,1.76,2.44,2016,7,28,Monsoon
2015-05-12,Surkhet,28.5,81.7,4.26,88.34,9.68,42.56,25.32,11.43,31.44,19.38,12.06,25.47,2.29,3.92,0.59,3.34,2.66,3.9,0.77,3.13,2015,5,12,Spring
1993-12-04,Syangja,28.0,83.8,0.0,86.36,2.56,23.18,13.1,-7.24,20.76,7.34,13.41,9.14,1.85,3.56,0.46,3.11,2.04,3.5,0.57,2.94,1993,12,4,Winter
1995-05-02,Syangja,28.0,83.8,0.0,85.77,4.0,16.58,25.86,-1.64,34.42,17.67,16.74,26.68,4.61,8.85,1.74,7.12,5.9,9.78,2.02,7.76,1995,5,2,Spring
1986-09-17,Syangja,28.0,83.8,0.06,86.01,11.66,62.74,21.27,13.31,27.32,16.7,10.61,21.29,1.98,4.36,0.25,4.12,2.09,3.94,0.24,3.71,1986,9,17,Autumn
2006-05-17,Syangja,28.0,83.8,0.38,86.1,10.84,48.84,24.5,12.59,30.62,19.33,11.29,26.04,2.45,4.54,0.65,3.89,2.62,4.12,0.7,3.42,2006,5,17,Spring
1995-09-14,Syangja,28.0,83.8,0.38,85.92,14.72,79.37,21.26,17.2,25.61,17.9,7.72,21.84,1.82,3.58,0.52,3.06,2.1,3.36,0.56,2.79,1995,9,14,Autumn
1990-10-11,Syangja,28.0,83.8,0.0,86.4,11.69,75.29,18.5,13.48,23.06,15.29,7.78,18.31,1.68,3.58,0.25,3.32,1.86,3.48,0.34,3.14,1990,10,11,Autumn
1993-06-23,Syangja,28.0,83.8,0.22,85.61,12.45,48.96,26.66,14.62,32.4,20.84,11.56,28.69,2.45,4.22,0.31,3.92,2.44,3.84,0.42,3.42,1993,6,23,Monsoon
2000-05-02,Syangja,28.0,83.8,0.0,85.8,2.7,12.28,24.32,-6.35,32.51,16.34,16.16,24.92,3.06,5.6,1.2,4.39,3.38,5.06,1.6,3.45,2000,5,2,Spring
2016-07-28,Syangja,28.0,83.8,16.31,85.8,17.19,95.6,20.67,19.66,22.74,19.15,3.6,20.81,2.28,3.82,1.21,2.6,2.9,3.77,2.17,1.6,2016,7,28,Monsoon
2015-05-12,Syangja,28.0,83.8,2.47,85.96,10.27,52.8,22.2,11.68,28.44,16.4,12.04,22.47,2.8,5.16,0.7,4.46,3.3,5.04,0.78,4.26,2015,5,12,Spring
1993-12-04,Tanahun,28.0,84.1,0.0,77.88,2.0,22.16,8.76,-11.18,15.93,3.83,12.1,4.4,1.82,4.03,0.34,3.69,1.65,3.03,0.19,2.84,1993,12,4,Winter
1995-05-02,Tanahun,28.0,84.1,0.0,77.6,3.47,19.94,18.74,-4.73,26.89,11.31,15.58,19.7,3.72,8.1,0.59,7.51,4.01,7.98,0.93,7.05,1995,5,2,Spring
1986-09-17,Tanahun,28.0,84.1,0.04,77.74,10.18,69.96,15.9,9.48,21.69,11.71,9.98,16.38,2.26,5.18,0.09,5.09,2.03,3.89,0.25,3.65,1986,9,17,Autumn
2006-05-17,Tanahun,28.0,84.1,0.37,77.86,10.01,59.15,18.3,9.66,24.05,13.64,10.41,20.08,2.56,5.18,0.62,4.57,2.24,3.96,0.45,3.51,2006,5,17,Spring
1995-09-14,Tanahun,28.0,84.1,0.29,77.66,12.68,84.35,16.37,13.08,20.49,13.07,7.42,17.26,1.96,4.32,0.15,4.18,1.85,3.36,0.18,3.17,1995,9,14,Autumn
1990-10-11,Tanahun,28.0,84.1,0.0,78.03,10.12,83.1,13.2,9.45,17.6,10.26,7.33,13.63,1.79,4.06,0.09,3.97,1.64,3.03,0.11,2.92,1990,10,11,Autumn
1993-06-23,Tanahun,28.0,84.1,0.09,77.47,11.11,57.41,20.37,11.25,26.08,14.77,11.3,22.52,2.71,5.09,0.12,4.97,2.26,3.95,0.09,3.86,1993,6,23,Monsoon
2000-05-02,Tanahun,28.0,84.1,0.0,77.61,2.77,17.36,17.41,-7.49,25.16,10.65,14.51,18.18,2.87,5.61,0.72,4.89,2.69,4.52,1.06,3.47,2000,5,2,Spring
2016-07-28,Tanahun,28.0,84.1,8.45,77.57,14.49,97.97,16.08,15.11,18.09,14.64,3.45,16.24,2.03,3.64,0.85,2.79,2.26,2.95,1.19,1.76,2016,7,28,Monsoon
2015-05-12,Tanahun,28.0,84.1,3.2,77.71,9.15,63.59,15.72,8.24,21.35,10.8,10.55,15.58,2.47,5.0,0.31,4.69,2.46,4.25,0.39,3.86,2015,5,12,Spring
1993-12-04,Taplejung,27.4,87.7,0.0,80.29,3.03,31.0,10.36,-6.44,17.59,5.75,11.84,6.54,1.83,4.06,0.33,3.73,1.76,3.15,0.33,2.82,1993,12,4,Winter
1995-05-02,Taplejung,27.4,87.7,3.58,79.97,5.64,33.32,18.77,1.77,26.37,10.38,15.99,18.89,2.77,5.41,0.19,5.22,2.86,5.24,0.07,5.17,1995,5,2,Spring
1986-09-17,Taplejung,27.4,87.7,1.77,80.08,13.58,89.69,16.96,14.61,20.82,14.37,6.45,17.6,2.1,4.36,0.1,4.26,2.18,3.76,0.14,3.62,1986,9,17,Autumn
2006-05-17,Taplejung,27.4,87.7,0.46,80.22,10.62,62.06,18.96,11.07,24.54,13.97,10.58,20.35,2.4,4.8,0.45,4.35,2.22,3.79,0.79,3.0,2006,5,17,Spring
1995-09-14,Taplejung,27.4,87.7,0.0,80.02,13.53,83.39,18.04,14.67,22.36,14.91,7.44,19.13,2.23,4.59,0.46,4.14,2.14,3.98,0.3,3.68,1995,9,14,Autumn
1990-10-11,Taplejung,27.4,87.7,0.07,80.39,11.03,84.17,14.78,11.1,19.71,11.36,8.35,14.91,1.78,4.42,0.19,4.23,1.76,3.72,0.34,3.38,1990,10,11,Autumn
1993-06-23,Taplejung,27.4,87.7,5.42,79.81,14.34,76.58,20.29,15.59,24.91,16.17,8.74,21.65,2.12,4.24,0.29,3.94,1.98,3.38,0.48,2.9,1993,6,23,Monsoon
2000-05-02,Taplejung,27.4,87.7,1.6,80.01,8.04,54.82,16.48,6.04,22.96,11.58,11.38,17.23,2.36,4.9,0.85,4.05,2.38,3.91,1.11,2.8,2000,5,2,Spring
2016-07-28,Taplejung,27.4,87.7,6.92,79.95,15.08,92.75,18.04,16.31,21.69,15.01,6.68,18.58,2.38,5.59,0.43,5.15,2.38,5.3,0.55,4.75,2016,7,28,Monsoon
2015-05-12,Taplejung,27.4,87.7,5.13,80.01,12.06,78.41,17.21,12.8,22.19,13.29,8.9,18.18,2.65,5.95,0.1,5.85,2.85,5.83,0.13,5.69,2015,5,12,Spring
1993-12-04,Terhathum,27.1,87.5,0.0,80.29,3.03,31.0,10.36,-6.44,17.59,5.75,11.84,6.54,1.83,4.06,0.33,3.73,1.76,3.15,0.33,2.82,1993,12,4,Winter
1995-05-02,Terhathum,27.1,87.5,3.58,79.97,5.64,33.32,18.77,1.77,26.37,10.38,15.99,18.89,2.77,5.41,0.19,5.22,2.86,5.24,0.07,5.17,1995,5,2,Spring
1986-09-17,Terhathum,27.1,87.5,1.77,80.08,13.58,89.69,16.96,14.61,20.82,14.37,6.45,17.6,2.1,4.36,0.1,4.26,2.18,3.76,0.14,3.62,1986,9,17,Autumn
2006-05-17,Terhathum,27.1,87.5,0.46,80.22,10.62,62.06,18.96,11.07,24.54,13.97,10.58,20.35,2.4,4.8,0.45,4.35,2.22,3.79,0.79,3.0,2006,5,17,Spring
1995-09-14,Terhathum,27.1,87.5,0.0,80.02,13.53,83.39,18.04,14.67,22.36,14.91,7.44,19.13,2.23,4.59,0.46,4.14,2.14,3.98,0.3,3.68,1995,9,14,Autumn
1990-10-11,Terhathum,27.1,87.5,0.07,80.39,11.03,84.17,14.78,11.1,19.71,11.36,8.35,14.91,1.78,4.42,0.19,4.23,1.76,3.72,0.34,3.38,1990,10,11,Autumn
1993-06-23,Terhathum,27.1,87.5,5.42,79.81,14.34,76.58,20.29,15.59,24.91,16.17,8.74,21.65,2.12,4.24,0.29,3.94,1.98,3.38,0.48,2.9,1993,6,23,Monsoon
2000-05-02,Terhathum,27.1,87.5,1.6,80.01,8.04,54.82,16.48,6.04,22.96,11.58,11.38,17.23,2.36,4.9,0.85,4.05,2.38,3.91,1.11,2.8,2000,5,2,Spring
2016-07-28,Terhathum,27.1,87.5,6.92,79.95,15.08,92.75,18.04,16.31,21.69,15.01,6.68,18.58,2.38,5.59,0.43,5.15,2.38,5.3,0.55,4.75,2016,7,28,Monsoon
2015-05-12,Terhathum,27.1,87.5,5.13,80.01,12.06,78.41,17.21,12.8,22.19,13.29,8.9,18.18,2.65,5.95,0.1,5.85,2.85,5.83,0.13,5.69,2015,5,12,Spring
1993-12-04,Udayapur,26.9,86.5,0.0,95.51,3.84,28.89,17.77,-0.63,25.41,12.72,12.69,14.99,1.77,3.02,0.94,2.08,2.15,2.76,1.35,1.42,1993,12,4,Winter
1995-05-02,Udayapur,26.9,86.5,0.3,94.57,5.97,18.75,32.24,5.35,41.25,24.32,16.93,32.85,3.79,7.23,0.99,6.24,5.47,8.65,0.84,7.81,1995,5,2,Spring
1986-09-17,Udayapur,26.9,86.5,0.55,94.94,16.94,81.86,24.78,21.38,28.71,21.83,6.88,24.95,2.22,4.01,0.67,3.34,3.03,4.59,1.23,3.36,1986,9,17,Autumn
2006-05-17,Udayapur,26.9,86.5,0.17,94.98,12.5,44.87,29.91,16.58,35.8,23.75,12.05,31.82,2.39,3.58,1.29,2.3,2.94,3.6,2.03,1.57,2006,5,17,Spring
1995-09-14,Udayapur,26.9,86.5,0.05,94.8,16.89,71.11,27.08,21.35,31.82,23.11,8.71,28.02,1.73,3.45,0.18,3.28,2.09,3.54,0.28,3.27,1995,9,14,Autumn
1990-10-11,Udayapur,26.9,86.5,0.03,95.43,14.14,74.06,23.55,18.49,28.61,19.5,9.11,23.78,1.61,3.84,0.03,3.81,2.05,4.0,0.25,3.75,1990,10,11,Autumn
1993-06-23,Udayapur,26.9,86.5,1.3,94.41,15.78,53.07,30.91,20.18,37.21,24.93,12.27,33.15,2.92,4.27,1.75,2.52,3.63,4.74,2.05,2.69,1993,6,23,Monsoon
2000-05-02,Udayapur,26.9,86.5,0.49,94.77,9.37,38.49,27.57,11.59,34.98,20.4,14.57,28.61,3.69,5.45,2.1,3.35,4.96,6.23,3.18,3.05,2000,5,2,Spring
2016-07-28,Udayapur,26.9,86.5,5.43,94.7,19.43,89.68,25.47,23.59,27.92,23.13,4.79,25.6,2.25,4.06,0.56,3.5,2.94,4.27,0.87,3.4,2016,7,28,Monsoon
2015-05-12,Udayapur,26.9,86.5,9.52,94.83,14.7,60.5,27.5,19.02,32.88,22.44,10.44,28.09,2.99,5.85,0.85,5.0,3.91,6.62,1.14,5.48,2015,5,12,Spring
